,undermine_score,support_score,cp_distance,cop_distance,predict_label,distance_label,gold,Label,claim,perspective,opposite_perspective
0,-4.223587,3.430138,0.020014465,0.012878656,1,0,1,1,School Day Should Be Extended,Lessons would feel less broken.,Lessons would not feel less broken.
3,-1.6599853999999998,2.5632455000000003,0.27741253,0.15797633,1,0,1,1,School Day Should Be Extended,Less need for homework.,More need for homework.
81,-0.14259715,0.31811538,0.31345898,0.12050313,1,0,1,1,The Catholic Church needs reform,"The Catholic Church wants loyalty to institution, not to the common man.","The Catholic Church wants loyalty to institution, to the common man."
88,4.9766994,-0.7667258000000001,1.3191316000000002,1.7891183000000002,0,1,0,0,Positive Discrimination Towards Women in Society Is Justified,"It is Men, Not Women, who are Disadvantaged in our Society","It is Men, Women, who are Disadvantaged in our Society"
101,6.6647644,-2.3380047999999998,1.9578102,1.9627199,0,1,0,0,Positive Discrimination Towards Women in Society Is Justified,Positive discrimination takes away voters' freedom of choice by limiting their choices to women, negative discrimination takes away voters' freedom of choice by limiting their choices to women
102,-2.499869,2.0185299999999997,0.45105845,0.013398945,1,0,1,1,Positive Discrimination Towards Women in Society Is Justified,Women are vastly underrepresented in democratic legislatures across the world. Until 20 years ago women had never been more than 5% of MPs in UK Parliament. ,Women are not vastly underrepresented in democratic legislatures across the world. Until 20 years ago women had never been more than 5% of MPs in UK Parliament.
103,-3.912886,3.5814877,0.21423429,0.18993616,1,0,1,1,Positive Discrimination Towards Women in Society Is Justified,"Until as recently as 20 years ago, no more than 5% of MPs in UK Parliament were female. Positive discrimination would increase that statistic","Until as recently as 20 years ago, no less than 5% of MPs in UK Parliament were female. Positive discrimination would increase that statistic"
109,3.4377102999999996,-1.7020648999999997,1.0917683999999999,1.1698959,0,1,0,0, College education is worth it,"The question of whether or not a college education is necessary for success is one that is debated, as many successful people are not college educated.","The question of whether or a college education is necessary for success is one that is debated, as many successful people are not college educated."
127,-1.6092399,1.0260099,0.6004571999999999,0.102158844,1,0,1,1, College education is worth it,More jobs only hire those with college degrees.,Less jobs only hire those with college degrees.
167,6.4989667,-1.8290417,1.8949202,1.9682518,0,1,0,0, College education is worth it,The total cost of going to college also includes the cost of missing opportunities to make money at a job.,The total cost of going not to college also includes the cost of missing opportunities to make money at a job.
174,-3.9840313999999997,4.0418324,0.06030357,0.051696062,1,0,1,1,Socialism is Dead,Socialism was a twentieth century ideology which ran its course and ran out of steam when it became clear that Capitalism worked better,Socialism was not a twentieth century ideology which ran its course and ran out of steam when it became clear that Capitalism worked better
175,-3.7459807,4.0530787,0.06601095,0.031380832000000004,1,0,1,1,Socialism is Dead,Capitalism replaced Socialism because it's the better system.,Capitalism replaced Socialism because it's the worse system.
181,-3.5966058,3.6805382000000004,0.09430176,0.031254828,1,0,1,1,Socialism is Dead,Socialism is no longer seen as a viable option and even the Left has accepted that Capitalism is a better system.,Socialism is not no longer seen as a viable option and even the Left has accepted that Capitalism is a better system.
190,-4.508074,3.2939377,0.00674212,0.005174458,1,0,1,1,Governments Should Pay Compensation For Terrorist Atrocities Carried Out By Their Citizens,Governments in countries where terrorism is prevalent should allocate tax dollars to a pool to compensate nations that have been victims.,Governments in countries where terrorism is not prevalent should allocate tax dollars to a pool to compensate nations that have been victims.
204,-4.915796299999999,4.184451999999999,0.051813543,0.011907756,1,0,1,1,All drugs should be decriminalised, Decriminilisation of drugs will diminish organised crime , Decriminilisation of drugs will not diminish organised crime
215,4.633711,-1.274824,1.6943831000000003,1.7049928,0,1,0,0,You have nothing to worry about surveillance if you have done nothing wrong,Lack of trust, glut of trust
233,-3.7806091,4.2755165,0.038880587,0.034329295,1,0,1,1,The use of animals as objects of sport and entertainment should be banned.,When animals are treated as property it prevents them from being perceieved as part of the moral community. ,When animals are not treated as property it prevents them from being perceieved as part of the moral community.
253,3.264475,-3.1446035,0.97437984,1.0522799999999999,0,1,0,0,"In Parliamentary Democracies, A Change Of Prime Minister Should Automatically Trigger A General Election.",It would create instability and logistical problems,It would not create instability and logistical problems
255,-4.290851,3.264986,0.008956432,0.0038850307,1,0,1,1,We must support the use of truth and reconciliation commissions,reconciliation helps with justice,reconciliation spoil with justice
259,-3.296128,2.4268856,0.16278595,0.0030496715999999997,1,0,1,1,We must support the use of truth and reconciliation commissions,Truth and reconciliation are more important than retribution following violent and long term conflicts,Truth and reconciliation are not more important than retribution following violent and long term conflicts
285,4.39497,-1.1740786,1.6006353000000002,1.8137269,0,1,0,0,The law on self defence should cover ‘grossly disproportionate’ actions,There is already enough leeway in the law of self defence.,There is not already enough leeway in the law of self defence.
351,4.4300914,-0.4765882000000001,1.6123035,1.8886453999999997,0,1,0,0,Instant Replay Should Be Used in Major League Baseball,Instant replay will take the human element out of baseball,Instant replay will not take the human element out of baseball
353,-3.9412644,2.78061,0.11564934,0.0028754473,1,0,1,1,Instant Replay Should Be Used in Major League Baseball,"It’s not possible to get every call right, so instant replay is a necessary supplement to umpires’ skill","It’s possible to get every call right, so instant replay is a necessary supplement to umpires’ skill"
358,6.8322066999999995,-2.1433072,1.9225235,1.9491317,0,1,0,0,Instant Replay Should Be Used in Major League Baseball,Instant replay drags ut calls most umpires can make already.,Instant replay drags ut calls most umpires can not make already.
365,-4.115883,2.9061227,0.0063090324,0.003038168,1,0,1,1,Antarctica Should Be Opened Up For Resource Exploitation,"No possible over abuse on the resources, just a utilitarian, global benefit","No possible over abuse on the resources, just a utilitarian, global harm "
376,5.943331,-1.9855123,1.8715211999999999,1.9476402,0,1,0,0,It is fine to kill one to save many,"Intuitively, it is possible to understand that participating in a decision to kill is a priori wrong","Intuitively, it is not possible to understand that participating in a decision to kill is a priori wrong"
377,5.977237000000001,-1.3344203000000001,1.8256974,1.8923671000000002,0,1,0,0,It is fine to kill one to save many,"Intiution explains the reason why the decision to kill is viewed as wrong ,as a general principle.","Intiution explains the reason why the decision not to kill is viewed as wrong ,as a general principle."
410,-4.311532,3.2138019,0.007681250600000001,0.0021399856,1,0,1,1,Transparency is necessary for security,Transparency would make mistakes easier to prevent or identify.,Transparency would not make mistakes easier to prevent or identify.
425,6.0221849999999995,-2.3767433,1.8890433,1.962718,0,1,0,0,Student loan debt should be easier to discharge in bankruptcy,Student loan discharge would incite colleges to raise tuition,Student loan discharge would not incite colleges to raise tuition
449,2.9126797000000004,0.5084558,1.4030011,1.8832967,0,1,0,0,Parents should have the right to do background checks on those looking after their children,Vigilante attacks can possible happen because of that.,Vigilante attacks can not possible happen because of that.
455,6.0753684,-1.6859378,1.9031028000000003,1.9469256000000001,0,1,0,0,Privacy Online is Important,Internet privacy only helps criminals.,Internet privacy only spoil criminals.
457,4.331799500000001,-0.61710274,1.60235,1.7307493999999999,0,1,0,0,Privacy Online is Important,Online privacy only benefits those who commit crimes on the internet.,Online privacy only harm those who commit crimes on the internet.
460,-4.0587955000000004,2.8161964,0.014945567,0.0075650215000000005,1,0,1,1,Privacy Online is Important,People vulnerable to explotation are protected.,People vulnerable not to explotation are protected.
461,-3.9211416,2.717756,0.056867957000000004,0.02312076,1,0,1,1,Privacy Online is Important,Those who might be exploited are protected. ,Those who might not be exploited are protected.
467,0.9982291,0.17171028,0.92553496,1.6526146000000002,0,1,0,0,Encourage fewer people to go to university,College graduates are more productive as members of society.,College graduates are not more productive as members of society.
509,4.440580000000001,-3.4971193999999994,1.3775438999999998,1.7333971999999997,0,1,0,0,Encourage fewer people to go to university,Learning will always pay off. ,Learning will not always pay off.
525,6.182746400000001,-5.3283477,1.4994242,1.5835931,0,1,0,0,Encourage fewer people to go to university,Employers are attracted to locales with college graduates. ,Employers are not attracted to locales with college graduates.
533,-1.2928073,2.0863907,0.28810418,0.26751816,1,0,1,1,Governments should ban the media from reporting hostage-taking,Exaggeration by the media hurts the situation more than helping it along,Exaggeration by the media protect the situation more than helping it along
560,-2.6283064,1.5202688,0.10870105,0.008303880999999999,1,0,1,1,We must enforce term limits on the legislative branch of government,Term limits create more competitive elections for public office that empower new leaders and ideas:,Term limits create less competitive elections for public office that empower new leaders and ideas:
562,2.1624334,1.3775266000000002,1.2305741000000001,1.7496521,0,1,0,0,We must enforce term limits on the legislative branch of government,The incentive for corruption and self-enrichment in office is increased by term limits:,The incentive for corruption and self-enrichment in office is not increased by term limits:
570,5.6140566,-1.7591017,1.7544137999999998,1.8183314999999998,0,1,0,0,We must enforce term limits on the legislative branch of government,"There are many instances when having a powerful, unlimited executive branch of government is best.","There are not many instances when having a powerful, unlimited executive branch of government is best."
600,6.2706876,-1.9418456999999998,1.8665432000000002,1.8689116999999997,0,1,0,0,People should have a right to private education,A lack of diversity is one issue with private schools,A glut of diversity is one issue with private schools
624,-3.7261963,3.949579,0.048814774000000005,0.01619625,1,0,1,1,Abolish the Superdelegate System for Democratic Party Conventions,"The disproportionate influence of former politicians inevitably benefits old, powerful, white men ","The disproportionate influence of former politicians inevitably harm old, powerful, white men"
632,-3.2774162000000002,2.1022327,0.19897473,0.16100526,1,0,1,1,permit the use of performance enhancing drugs in professional sports,"There is no distinction between ""natural"" and synthetic methods of performance enhancement","There is not no distinction between ""natural"" and synthetic methods of performance enhancement"
636,-2.9717984,1.7138324,0.2653178,0.03196764,1,0,1,1,permit the use of performance enhancing drugs in professional sports,Taking more risks in training and competition would allow athletes the freedom to become the best competitors they can be.,Taking less risks in training and competition would allow athletes the freedom to become the best competitors they can be.
652,5.3108864,-3.81417,1.5180835,1.7220793,0,1,0,0,Handguns must be banned in Washington D.C.,Many of the American adults are in favour of carrying concealed handguns,Many of the American adults are not in favour of carrying concealed handguns
665,-1.7907306,2.4541934,0.19304913,0.023697674,1,0,1,1,Handguns must be banned in Washington D.C.,Concealed carrying of weapons results in a greater chance of a conflict becoming more intense to the point of death of one party.,Concealed carrying of weapons results in a greater chance of a conflict becoming less intense to the point of death of one party.
667,-3.985296,3.8450908999999998,0.050678015,0.047902465,1,0,1,1,Rupert Murdoch is not a fit person to run an international media corporation,News Corp's lack of transparency make it a suspect organization.,News Corp's glut of transparency make it a suspect organization.
668,-2.7318985000000002,3.0179906,0.1511544,0.10108948,1,0,1,1,Rupert Murdoch is not a fit person to run an international media corporation,The lack of transparency in News Corp creates a overwhelming distrust in the public view.,The glut of transparency in News Corp creates a overwhelming distrust in the public view.
688,2.1827612000000003,-1.6743022,0.7947544,0.7951885999999999,0,1,0,0,Civil liberties should be sacrificed for the greater good,The loss of individual liberty is the start of a slippery slope.,The loss of individual liberty is not the start of a slippery slope.
689,0.7299594,-0.5855264,0.72009844,1.3510636999999999,0,1,0,0,Civil liberties should be sacrificed for the greater good,Losing individual liberties leads to dangerous times.,Losing individual liberties leads not to dangerous times.
690,1.4921784,-0.93381935,0.7889879,1.5659065,0,1,0,0,Civil liberties should be sacrificed for the greater good,The loss of individual freedoms is the beginning of dark times.,The loss of individual freedoms is not the beginning of dark times.
692,0.22998501,0.11402201,1.0741078000000002,1.8964590000000001,0,1,0,0,Civil liberties should be sacrificed for the greater good,The terrorists would win in that case!,The terrorists would not win in that case!
720,-4.3110847,3.7264720000000002,0.028646529,0.013729334,1,0,1,1,The Internet must be censored,Even sites that appeared innocent have had a devastating effect on society.,Even sites that appeared innocent don't have had a devastating effect on society.
728,2.7119687000000003,0.74544704,1.3276838,1.9701810000000002,0,1,0,0,We support the New START Treaty,The New START treaty helps Russia more than the US,The New START treaty spoil Russia more than the US
761,5.861915,-1.9105294999999998,1.7505747,1.8520028999999998,0,1,0,0,Fines should be made relative to income,"Creates the perception that fines are like taxes, rather than a punishment","Creates the perception that fines are not like taxes, rather than a punishment"
771,-1.1335151,0.8805845999999999,0.3587916,0.042366922,1,0,1,1,The UN should impose sanctions on countries that destroy their rainforests,[Response to rebuttal] Sanctions are the most effective response to an urgent crisis.,[Response not to rebuttal] Sanctions are the most effective response to an urgent crisis.
775,1.9303811999999998,-1.0771268999999999,0.8659982,0.9548245000000001,0,1,0,0,The United States is a ‘benign’ hegemon,The United States is a de facto empire.,The United States is not a de facto empire.
778,0.5282923,-0.15694132,0.5391676999999999,1.6045361999999999,0,1,0,0,The United States is a ‘benign’ hegemon,The US is more like an imperial power and less like a hegemon,The US is not more like an imperial power and less like a hegemon
783,5.32979,-1.909202,1.7684336999999999,1.9200108,0,1,0,0,The full financial history of all candidates for political office must be posted online,"Financial records are personal, not political, issues.","Financial records are personal, political, issues."
807,-3.578292,2.9167376,0.007388413000000001,0.0027362108,1,0,1,1,Pre-nuptial agreements should not be recognised in divorce courts,Prenuptial agreements are either too lovely or not as lovely as they appear,Prenuptial agreements are either too lovely or as lovely as they appear
841,7.7645564,-8.325702,1.7672603999999998,1.8031049,0,1,0,0,Smoking should be banned in public places,"WHAT HAPPEN TO A FREE CANADA.  WE ARE GOING BACK TO THE TIME WERE SLAVES HAD NO RIGHT, NOW IT IS SMOKERS HAVE NO RIGHT","WHAT HAPPEN TO A FREE CANADA.  WE are not GOING BACK TO THE TIME WERE SLAVES HAD NO RIGHT, NOW IT IS SMOKERS HAVE NO RIGHT"
842,7.697469,-8.501755000000001,1.8045761999999999,1.809282,0,1,0,0,Smoking should be banned in public places,Taking away a smoker's rights to smoke in public is akin to the time of slavery!,Taking away a smoker's rights not to smoke in public is akin to the time of slavery!
892,1.9194483,-2.6764584,0.7929783,1.4444611,0,1,0,0,Scotland should cede from the union.,Scotland will be unable to survive economically without England,Scotland will not be unable to survive economically without England
914,-2.252242,2.968271,0.13586634,0.109116435,1,0,1,1,We must ban negative advertising in political campaigns,Negative campaigning leads to negative governance., positive campaigning leads to negative governance.
915,-1.1495428,1.4391648000000001,0.2208113,0.1745835,1,0,1,1,We must ban negative advertising in political campaigns,Negative campaigns can lead to negative governing., positive campaigns can lead to negative governing.
922,6.625433,-2.1754599999999997,1.8562098000000002,1.9491911,0,1,0,0,Humans should eat meat,We should stop eating so much meat.,We should not stop eating so much meat.
933,5.5189033,-1.6457447,1.8207453000000002,1.8524777,0,1,0,0,Humans should eat meat,vegetarians visit hospitals 22% less often than meat eaters ,vegetarians visit hospitals 22% more often than meat eaters
934,5.7130160000000005,-1.7655002,1.8467093,1.8688488,0,1,0,0,Humans should eat meat,Vegetarians visit hospitals 22% less than meat eaters.,Vegetarians visit hospitals 22% more than meat eaters.
935,5.9655323,-2.3206112,1.8528721000000001,1.8712482,0,1,0,0,Humans should eat meat,Vegetarians go to hospitals 22% less than meat eaters.,Vegetarians go not to hospitals 22% less than meat eaters.
937,-1.2711207,0.65691495,0.92504275,0.0932278,1,0,1,1,The environment is being sacrificed for the economy,air pollution is going to get worse,air pollution is not going to get worse
938,-1.6123264,0.9804994,0.8758425999999999,0.07493806,1,0,1,1,The environment is being sacrificed for the economy,the pollution in the air is going to get worse,the pollution in the air is not going to get worse
942,1.3664673999999999,-0.9639460999999999,0.8811539,1.6922123,0,1,0,0,Gorbachev Was Responsible for The Collapse Of The USSR,It was dead from the time Stalin took control,It was not dead from the time Stalin took control
979,-2.0189426,1.3462157,0.36628973,0.069924295,1,0,1,1,History as a subject in school is needed,history repeats itself if not known,history repeats itself if known
981,-4.0275574,2.6890563999999997,0.0035681725,0.0024393797,1,0,1,1,History as a subject in school is needed,"Teaching history ensures that events of the past are not forgotten, and lessons are learned","Teaching history ensures that events of the past are forgotten, and lessons are learned"
999,1.1231548,-0.9292348,0.81919336,0.958649,0,1,0,0,Jerusalem should be divided,Division would do more harm than good.,Division would not do more harm than good.
1002,5.6992617,-2.1722095,1.6823238999999999,1.8927028000000001,0,1,0,0,Golf is a Sport,"Golf involves many elements of competition, but that does not make it a sport.","Golf involves many elements of competition, but that does make it a sport."
1010,3.2410072999999997,0.041103963,1.502425,1.6120055,0,1,0,0,Golf is a Sport,"If an activity does not make you break a sweat, or if it can be done while drinking and smoking, then it is not a sport. ","If an activity does make you break a sweat, or if it can be done while drinking and smoking, then it is not a sport."
1025,3.7429821000000003,0.17811239,1.5155711,1.9262726000000003,0,1,0,0,Golf is a Sport,Golf better matches the definition of a game than a sport. ,Golf worse matches the definition of a game than a sport.
1035,6.064159,-1.8124665,1.857321,1.9454756000000002,0,1,0,0,Golf is a Sport,Golf is unlike sports in which rigorous physical activities are required. ,Golf is not unlike sports in which rigorous physical activities are required.
1054,-3.4934046000000003,2.4255176,0.010167956,0.007973254,1,0,1,1, Aboriginal culture must be protected,"We cannot understand ourselves if we cannot understand others, so protection of indigenous culture is important.","We can understand ourselves if we cannot understand others, so protection of indigenous culture is important."
1085,-4.7218485,5.847882299999999,0.0065745709999999995,0.004529476,1,0,1,1,Music That Glorifies Crime Should Be Banned,Music depicting violence against women discourages respect of women in men and women.,Music depicting violence for women discourages respect of women in men and women.
1104,-4.360180000000001,3.489931,0.021967292000000003,0.005735159,1,0,1,1,Compensation should be paid for those who have had their culture appropriated,cultural appropriation damage can potentialy be reversed through compensation,cultural appropriation protect can potentialy be reversed through compensation
1126,-4.0639896,2.7288706,0.005889773399999999,0.0024568439,1,0,1,1,Drones Should Be Used to Take Out Enemy Combatants,there is nothing illegal in the use of drones,there is not nothing illegal in the use of drones
1139,-4.2926245000000005,2.932577,0.0022956133,0.0022867918,1,0,1,1,Drones Should Be Used to Take Out Enemy Combatants,Drones are less costly than fighting with soldiers,Drones are not less costly than fighting with soldiers
1144,-4.2581906,2.8757002000000003,0.0042025447,0.0026179552,1,0,1,1,Drones Should Be Used to Take Out Enemy Combatants,Drone Operators Have a Lower Risk for PTSD than Other Military Personnel.,Drone Operators don't have a Lower Risk for PTSD than Other Military Personnel.
1145,-4.2122774000000005,2.8581855,0.004054129,0.0020232797,1,0,1,1,Drones Should Be Used to Take Out Enemy Combatants,fewer troops are exposed to dangers when drones are employed,fewer troops are not exposed to dangers when drones are employed
1149,-4.3630414,3.041475,0.001263082,0.0009171963,1,0,1,1,Drones Should Be Used to Take Out Enemy Combatants,There is nothing illegal about drone strikes under US law.,There is not nothing illegal about drone strikes under US law.
1187,-4.379959599999999,3.0220196,0.001529634,0.000795722,1,0,1,1,Drones Should Be Used to Take Out Enemy Combatants,PTSD is much less prevalent amonst drone pilots than those who participate in traditional warfare.,PTSD is not much less prevalent amonst drone pilots than those who participate in traditional warfare.
1189,-4.3474917,2.9004202,0.0024783014999999998,0.0008790492999999999,1,0,1,1,Drones Should Be Used to Take Out Enemy Combatants,Drone pilots have lesser chance of getting PTSD than other aircraft pilots. ,Drone pilots don't have lesser chance of getting PTSD than other aircraft pilots.
1199,5.1547456,-1.9758588,1.7859538000000001,1.8711919,0,1,0,0,Offshoring is a good idea,Living standards decline and is just one example of the cons of offshore outsourcing.,Living standards decline and is not just one example of the cons of offshore outsourcing.
1202,-0.8712466,0.47037673,0.9840075999999999,0.7600937,1,0,1,1,Evolution has Disproved Creationism,Creationism has been dispproved because of the evidence of fossils.,Creationism doesn't have been dispproved because of the evidence of fossils.
1207,-0.92135626,0.36624354,0.59271246,0.34311134,1,0,1,1,Evolution has Disproved Creationism,"There is no empirical evidence supporting Creationism, whereas all evidence supports abiogenesis and evolution.","There is not no empirical evidence supporting Creationism, whereas all evidence supports abiogenesis and evolution."
1244,7.3320913,-3.74115,1.5909355,1.9566019000000001,0,1,0,0,Voting should be compulsory in the UK,"If people are forced to vote, they will not have the information needed to vote intelligently.","If people are forced to vote, they will have the information needed to vote intelligently."
1260,5.4870124,-1.1932527,1.7576697000000001,1.9479606,0,1,0,0,Voting should be compulsory in the UK,Voting should be neither rewarded or punished.,Voting should not be neither rewarded or punished.
1263,5.1593480000000005,-1.6879520000000001,0.9296299000000001,1.9458137999999998,0,1,0,0,Voting should be compulsory in the UK,You can persuade to vote but you can't force someone to do it.,You can persuade to vote but can force someone to do it.
1289,9.482928,-9.231486,1.9342074,1.9397204,0,1,0,0,Users of extremist websites should be punished,Criminalisation creates more problems than it solves,Criminalisation creates less problems than it solves
1308,2.983883,-1.4339913999999998,1.5929898,1.7950914,0,1,0,0,Children should not be allowed to inherit vast wealth as this damages them and society,"Who decides how much is too much, and on what basis? ","Who decides how little is too much, and on what basis?"
1309,2.4315463999999998,-1.6682036,1.3245042999999999,1.6560825000000001,0,1,0,0,Children should not be allowed to inherit vast wealth as this damages them and society,Society can never ensure that all children start on an 'equal footing' and why would it want to?,Society can not never ensure that all children start on an 'equal footing' and why would it want to?
1313,-2.5530944,2.684514,0.21353316,0.19981003,1,0,1,1,Children should not be allowed to inherit vast wealth as this damages them and society,"The more money you have, the less spiritual you are.","The less money you have, the less spiritual you are."
1327,-2.8033197,4.0895042,0.49543518,0.33593714,1,0,1,1,The UK Should Leave the European Union,No chance of changing from the Pound to the Euro,No chance of changing from the Pound not to the Euro
1333,-3.9051112999999997,4.5094423,0.22536147,0.09164941,1,0,1,1,The UK Should Leave the European Union,UK will be disentangled from EU affairs,UK will not be disentangled from EU affairs
1335,-3.5405297,4.310813400000001,0.15587401,0.007856905,1,0,1,1,The UK Should Leave the European Union,UK will not be entangled,UK will be entangled
1358,-3.3174956,2.1732397,0.01483655,0.011418461999999999,1,0,1,1,Keep the Sabbath as a Day of Rest,A shared day when there is no commercial activity encourages family life and recreation ,A shared day when there is not no commercial activity encourages family life and recreation
1379,-4.208698,2.8327557999999997,0.004043758,0.0006771087599999999,1,0,1,1,It should be allowed to have military recruitment in schools,"If a high school is accepting state funding, the should allow military recruiters in schools at least once per year.","If a high school is not accepting state funding, the should allow military recruiters in schools at least once per year."
1402,-4.1617584,2.9022799,0.0023536086,0.0016102791,1,0,1,1,Parents should be allowed to genetically screen foetuses for heritable diseases,"Parents in liberal societies have a duty to minimize avoidable suffering, so parents should be allowed to genetically screen fetuses. ","Parents in liberal societies don't have a duty to minimize avoidable suffering, so parents should be allowed to genetically screen fetuses."
1403,-4.355522000000001,2.9749236,0.0013994575,0.0006008148,1,0,1,1,Parents should be allowed to genetically screen foetuses for heritable diseases,Genetic testing ensures the best quality of life for children vulnerable to heritable diseases,Genetic testing ensures the best quality of life for children vulnerable not to heritable diseases
1420,3.5456227999999994,-0.86785233,1.4956343,1.5369864,0,1,0,0,Domestic intelligence agencies have a legitimate role to play in democracy,Citizens have a right to privacy against the government.,Citizens don't have a right to privacy against the government.
1431,5.1237183,-0.8111434000000001,1.6126797,1.7441205000000002,0,1,0,0,Labels on food must be mandated to encourage people to eat better,Food labeling allows companies to deceive consumers,Food labeling disallow companies to deceive consumers
1445,5.618393,-1.2317194,1.6650387999999998,1.6832155,0,1,0,0,Labels on food must be mandated to encourage people to eat better,Food labeling introduces unfair prejudice against certain products,Food labeling introduces unfair prejudice for certain products
1447,4.117769,-0.6772541,1.5579246999999998,1.8754778000000003,0,1,0,0,Labels on food must be mandated to encourage people to eat better,Nutrition labeling on packages can encourage consumers to buy certain types of foods over others.,Nutrition labeling on packages can not encourage consumers to buy certain types of foods over others.
1462,-2.2531903,0.77641284,0.26335377,0.25491620000000004,1,0,1,1,Macs are better than PCs,Consumers enjoy the reduced number of restarts on the Mac OS X when compared to the latest Windows version,Consumers enjoy the increase number of restarts on the Mac OS X when compared to the latest Windows version
1465,6.0166345,-4.579871,1.9836147000000002,1.9855813999999998,0,1,0,0,Adding artificial happy endings to a story completely ruins it,A good ending is good for morale.,A bad ending is good for morale.
1469,5.6588426,-2.0743139,1.7907015,1.8578689,0,1,0,0,Men are the key to family planning in Uganda,Controlling sexuality in family planning is wrong,Controlling sexuality in family planning is not wrong
1488,6.401258,-1.7650254,1.8399131999999998,1.9066205000000003,0,1,0,0,Homework is beneficial,There is no evidence that homework makes a difference for young children.,There is not no evidence that homework makes a difference for young children.
1503,6.0965742999999994,-1.4490664,1.7941155,1.8376188000000002,0,1,0,0,Homework is beneficial,Too much homework can be harmful,Too little homework can be harmful
1507,5.002667,-0.8002873,1.6399894,1.650145,0,1,0,0,Homework is beneficial,Too much homework is detrimental.,Too little homework is detrimental.
1512,6.523112,-1.8500607,1.8658403000000001,1.9068801,0,1,0,0,Homework is beneficial,"Yes, kids need to balance out mental and physical exercise.","Yes, kids don't need to balance out mental and physical exercise."
1513,5.5511384,-1.7144451,1.8301009999999998,1.8735819,0,1,0,0,Homework is beneficial,Kids need time to do many different kinds of activities. ,Kids don't need time to do many different kinds of activities.
1514,6.350074299999999,-1.6369575,1.8561252000000001,1.9503005,0,1,0,0,Homework is beneficial,There needs to be a balance for kids between mental and physical stimulation.,There don't need to be a balance for kids between mental and physical stimulation.
1515,6.085986,-1.5005978000000002,1.8161025000000002,1.9118203999999999,0,1,0,0,Homework is beneficial,Mental stimulation and physical exercise need to have the proper balance in children.,Mental stimulation and physical exercise don't need to have the proper balance in children.
1546,-4.714556,5.8497443,0.0045393705,0.0033678412,1,0,1,1,The music that glorifies violence against women should be banned,Music depicting violence against women discourages respect of women in men and women.,Music depicting violence for women discourages respect of women in men and women.
1586,2.9516419999999997,1.1123086000000002,1.311194,1.8567235,0,1,0,0,"Churches should (defined as churches, temples, mosques, synagogues, etc.) remain tax-exempt","American taxpayers are supporting the extravagant lifestyles of wealthy pastors, whose lavish ""megachurches"" accumulate millions of tax-free dollars every year. ","American taxpayers are not supporting the extravagant lifestyles of wealthy pastors, whose lavish ""megachurches"" accumulate millions of tax-free dollars every year."
1595,6.1584744,-1.8226247,1.8594306,1.9184026,0,1,0,0,The penny should stay in circulation,The penny has practically no value and should be taken out of circulation just as other coins have been in US history,The penny doesn't have practically no value and should be taken out of circulation just as other coins have been in US history
1611,2.4438696,-0.8166392,0.82611454,0.95356125,0,1,0,0,Workers in the Transport Sectors Should Be Banned From Going On Strike,Strikes are unique means to attain leverage and their benefits weight more than their harms ,Strikes are not unique means to attain leverage and their benefits weight more than their harms
1614,2.4193512999999998,-1.4710729999999999,0.79908854,1.2625316,0,1,0,0,Workers in the Transport Sectors Should Be Banned From Going On Strike,There are better ways to deal with strikes than putting people in Jail  ,There are not better ways to deal with strikes than putting people in Jail  
1642,-4.4472833,3.1351836,0.005413294,0.0042120814000000005,1,0,1,1,The use of atomic bombs against Hiroshima and Nagasaki was justified,The cost of dropping the atomic bombs was much less than continuing to fight a costly war. ,The cost of dropping the atomic bombs was not much less than continuing to fight a costly war.
1643,-2.1201618,1.3527712,0.2795781,0.0154572725,1,0,1,1,The use of atomic bombs against Hiroshima and Nagasaki was justified,Continuing the war was draining the countries resources making it necessary to end it by dropping the atomic bombs. ,Continuing the war was not draining the countries resources making it necessary to end it by dropping the atomic bombs.
1644,-2.5876837000000004,1.3309354,0.12749243,0.0025131106,1,0,1,1,The use of atomic bombs against Hiroshima and Nagasaki was justified,the continuation of the war without the nuclear bomb would have been much costlier,the continuation of the war with the nuclear bomb would have been much costlier
1655,6.5218706,-4.9416986,1.8757888999999999,1.9132967,0,1,0,0,Oil Companies Should Not Be Allowed To Drill Offshore,The negative impact on the environment by oil company offshore drilling should be addressed.,The positive impact on the environment by oil company offshore drilling should be addressed.
1658,6.7612147,-2.555429,1.9027555,1.9659487,0,1,0,0,Open primaries are the most effective method of selecting candidates for elections,Lobbyists will increase their activity if open primaries exist.,Lobbyists will not increase their activity if open primaries exist.
1664,-4.0816665,3.0063124,0.08163875,0.00811702,1,0,1,1,Open primaries are the most effective method of selecting candidates for elections,Open primaries make it so that voters aren't locked into single party stance voting.,Open primaries make it so that voters are locked into single party stance voting.
1704,-2.2584672,3.2966347000000003,0.45875645,0.33740973,1,0,1,1,Gambling must be banned,Casinos are often used to mask criminal activity,Casinos are not often used to mask criminal activity
1708,6.545158,-7.711251299999999,1.6548095,1.6951303,0,1,0,0,Gambling must be banned,Trying to ban gambling is a waste of time.,Trying not to ban gambling is a waste of time.
1710,-3.1766415,3.0569816000000003,0.042412995999999994,0.038939297000000005,1,0,1,1,Gambling must be banned,It is difficult for someone to stop gambling and it harms an individual psychologically.,It is not difficult for someone to stop gambling and it harms an individual psychologically.
1715,-4.4409056,5.047984,0.06210953,0.0430367,1,0,1,1,Gambling must be banned,Online gambling has increased the incidence of gambling addiction,Online gambling doesn't have increased the incidence of gambling addiction
1722,6.476362,-6.6524715,1.5952983,1.7506869999999999,0,1,0,0,Religious symbols in public buildings must be banned,"If you ban one thing, you have to ban lots of things.","If you ban one thing, you don't have to ban lots of things."
1724,2.6266147999999996,-2.8949177,1.3191495,1.9424427,0,1,0,0,Religious symbols in public buildings must be banned,Banning religious symbols in public could lead to the banning of public political affiliation symbols.,Banning religious symbols in public could not lead to the banning of public political affiliation symbols.
1727,8.074327,-7.926138000000001,1.7120076000000002,1.8477964,0,1,0,0,Religious symbols in public buildings must be banned,Banning religious symbols is just a way of unfairly targeting people.,Banning religious symbols is not just a way of unfairly targeting people.
1740,5.590564700000001,-1.9593483,1.8637042000000001,1.8815209,0,1,0,0,Inheritance tax should be raised to 100% for everyone born in the UK,What makes you think that money would be wisely spent?,What makes you think that money would not be wisely spent?
1800,7.184765,-5.8375715999999995,1.8650415,1.8678113,0,1,0,0,An international ban should be placed on the export of nuclear reactor technology,"all countries are entitled to self defense with nuclear weapons, even when they do not have the capacity to carry conventional weapons","all countries are entitled to self defense with nuclear weapons, even when they do have the capacity to carry conventional weapons"
1806,-2.7969484000000002,2.5257937999999998,0.11291957,0.10715383,1,0,1,1,An international ban should be placed on the export of nuclear reactor technology,"[Iran specific] Others, particularly Israel, would act if the United States did not","[Iran specific] Others, particularly Israel, would act if the United States did "
1831,-4.104364,2.9958897,0.23884629999999998,0.2014243,1,0,1,1,Have no elections rather than sham elections,Not having any elections is honest., having any elections is honest.
1833,-4.449879,4.0362849999999995,0.025541604,0.0071822405,1,0,1,1,Have no elections rather than sham elections,At least no elections would be more honest,At least no elections would not be more honest
1834,4.3015504,-1.3253083,1.3065790000000002,1.6030296,0,1,0,0,Have no elections rather than sham elections,Sham elections do not mean the elections have no influence or impact. ,Sham elections do mean the elections have no influence or impact.
1835,5.358933,-2.435722,1.7382927,1.815,0,1,0,0,Have no elections rather than sham elections,Just because an election is fake does not mean it will not have an impact.,Just because an election is fake does mean it will not have an impact.
1838,5.116869400000001,-2.7105181000000003,1.6275289,1.6940074,0,1,0,0,Have no elections rather than sham elections,Fake elections are still a demonstration of the peoples desires.,Fake elections are not still a demonstration of the peoples desires.
1900,-3.115004,3.0995321,0.060699403,0.013148665,1,0,1,1,Online gambling has to be banned,You should not gamble because it is bad.,You should gamble because it is bad.
1914,-0.05076287,0.9171046,0.35444713,0.28221667,1,0,1,1,Atheist countries are more benevolent,"Norway listed as the best place to live, but it is full of atheists. ","Norway listed as the best place not to live, but it is full of atheists."
1928,7.798317,-8.534706,1.8542968999999998,1.8682983,0,1,0,0,A Ban on Shark Fin Soup Is Necessary to Protect the Shark from Extinction,Banning Shark's fin soup will only put it on the black market,Banning Shark's fin soup will not only put it on the black market
1932,5.17034,-1.8900765,1.7725205000000002,1.9525150000000002,0,1,0,0,Governments Should Put Wealth Redistribution Ahead Of Wealth Creation,Redistribution is a moral anathema.,Redistribution is not a moral anathema.
1948,-2.7118154,2.414701,0.41184837,0.006836772,1,0,1,1,The ICC should have its own enforcement arm,With ICC Enforcement we would have more violators brought to trial.,With ICC Enforcement we would not have more violators brought to trial.
1987,-1.3575051,2.1222472000000003,0.38634509999999994,0.03509587,1,0,1,1,The threat of Climate Change is exaggerated,Human-caused global warming is changing weather systems and making heat waves and droughts more intense and more frequent. ,Human-caused global warming is not changing weather systems and making heat waves and droughts more intense and more frequent.
1990,8.474216,-8.495822,1.6968528999999999,1.7607901000000001,0,1,0,0,The threat of Climate Change is exaggerated,"Earth's climate has always warmed and cooled, and the 20th century rise in global temperature is within the bounds of natural temperature fluctuations over the past 3,000 years. ","Earth's climate doesn't have always warmed and cooled, and the 20th century rise in global temperature is within the bounds of natural temperature fluctuations over the past 3,000 years."
1993,-0.75507194,1.8872662,0.4648996,0.38657016,1,0,1,1,The threat of Climate Change is exaggerated,Global warming caused by human-produced greenhouse gases is causing the Arctic ice cap to melt at an increasing rate. ,Global warming caused by human-produced greenhouse gases is not causing the Arctic ice cap to melt at an increasing rate.
1994,1.5924994,-2.1260686,1.0145936,1.6931205000000003,0,1,0,0,The threat of Climate Change is exaggerated,Predictions of accelerating human-caused climate change are based upon computerized climate models that are inadequate and incorrect. ,Predictions of accelerating human-caused climate change are not based upon computerized climate models that are inadequate and incorrect.
1995,-0.4133107,-1.0073811,0.8340816999999999,0.9595332000000001,0,1,0,0,The threat of Climate Change is exaggerated,Computerized climate models could be misleading when it comes to the predictions of  accelerating human-caused climate change.,Computerized climate models could not be misleading when it comes to the predictions of  accelerating human-caused climate change.
2000,-2.4897335,3.746789,0.20605469,0.17586482,1,0,1,1,The threat of Climate Change is exaggerated,The specific type of CO2 that is increasing in earth's atmosphere can be directly connected to human activity. ,The specific type of CO2 that is not increasing in earth's atmosphere can be directly connected to human activity.
2002,6.912575,-6.1604985999999995,1.7207736,1.7781396,0,1,0,0,The threat of Climate Change is exaggerated,"Sea levels have been steadily rising for thousands of years, and the increase has nothing to do with humans. ","Sea levels don't have been steadily rising for thousands of years, and the increase has nothing to do with humans."
2004,-0.76805216,1.3193503999999998,0.49125463,0.38202137,1,0,1,1,The threat of Climate Change is exaggerated,Overwhelming scientific consensus says human activity is primarily responsible for global climate change.,Overwhelming scientific consensus says human activity is not primarily responsible for global climate change.
2005,-0.01971236,0.94827145,0.6472754,0.30362183,1,0,1,1,The threat of Climate Change is exaggerated,"Dramatic changes in precipitation, such as heavier storms and less snow, are another sign that humans are causing global climate change. ","Dramatic changes in precipitation, such as heavier storms and more snow, are another sign that humans are causing global climate change."
2024,6.163621,-4.614073,1.6881738000000002,1.7813897,0,1,0,0,The northern Ireland would be better off if united with the Republic of Ireland,Civil war will result between Irish factions if unity occurs. ,Civil war will not result between Irish factions if unity occurs.
2031,4.535784,-1.0248959,1.6604903000000002,1.7919147000000002,0,1,0,0,"We must be a libertarian; right or left, right or wrong","Libertarianism is a movement led by people who have no ideas on how to fix things, but criticize those that do.","Libertarianism is not a movement led by people who have no ideas on how to fix things, but criticize those that do."
2033,-3.9357555,3.3234806000000003,0.07600355,0.07336485400000001,1,0,1,1,Israel should return to its pre-1967 borders,Establishing the borders as they were  prior to 1967 would cease violence in Israel.,Establishing the borders as they were not  prior to 1967 would cease violence in Israel.
2039,5.0483685,-1.5845615,1.3947027,1.9478418999999998,0,1,0,0,There is life on other planets,Can't be proven,Can't be can be proven
2044,-3.8013383999999997,2.6189259999999996,0.06496805,0.0038060546000000003,1,0,1,1,There is life on other planets,are we lonely in this huge universe?, are not we lonely in this huge universe?
2050,2.4493694,0.80986726,1.1897886,1.7007773000000002,0,1,0,0,There is life on other planets,Why have other life forces not made themselves known?,Why have other life forces made themselves known?
2062,-0.8410926999999999,1.0183806,0.29852182,0.28097022,1,0,1,1,It does matter where you go to university or college,Some universities are more prestigious than others.,Some universities are not more prestigious than others.
2085,3.584338,-1.2428373,1.4283137,1.6880993999999998,0,1,0,0,Danish newspapers should not have published cartoons depicting the Prophet Mohammed,"In a democratic society, even religious norms can be questioned.","In a democratic society, even religious norms can not be questioned."
2159,6.0688787,-2.0617788,1.8633091,1.8988612,0,1,0,0,We should support enforcing term limits on the executive branch of government,"There are many instances when having a powerful, unlimited executive branch of government is best.","There are not many instances when having a powerful, unlimited executive branch of government is best."
2171,6.0551734,-2.2064972000000003,1.9111881000000002,1.9178667,0,1,0,0,We should support enforcing term limits on the executive branch of government,"Term limits are undemocratic and suggest, falsely, that voters cannot make intelligent decisions about their leaders on their own.","Term limits are undemocratic and suggest, falsely, that voters can make intelligent decisions about their leaders on their own."
2176,6.205957,-2.2378732999999995,1.9122628000000002,1.9157348,0,1,0,0,We should support enforcing term limits on the executive branch of government,"Term limits are undemocratic and suggest, falsely, that voters cannot make intelligent decisions about their representatives without guidance:","Term limits are undemocratic and suggest, falsely, that voters can make intelligent decisions about their representatives without guidance:"
2182,-3.3613480000000004,2.4111542999999998,0.03525251,0.022885025,1,0,1,1,We should support enforcing term limits on the executive branch of government,Term limits create more competitive elections for public office that empower new leaders and ideas:,Term limits create less competitive elections for public office that empower new leaders and ideas:
2194,3.0251455000000003,0.69114304,1.3812423999999999,1.8339834,0,1,0,0,We should support enforcing term limits on the executive branch of government,The incentive for corruption and self-enrichment in office is increased by term limits:,The incentive for corruption and self-enrichment in office is not increased by term limits:
2206,5.6162295,-2.210143,1.8087368000000001,1.9340191000000002,0,1,0,0,Bribery is sometimes acceptable,"Bribery can never be justified, as it is immoral.","Bribery can not never be justified, as it is immoral."
2220,4.045844600000001,0.37389040000000007,1.5082633,1.7590892,0,1,0,0,The human genome should be patented,Cruelty to animals 90% death rate cloning project,Cruelty not to animals 90% death rate cloning project
2221,5.642228599999999,-0.83000934,1.7247956999999998,1.8178296000000003,0,1,0,0,The human genome should be patented,Cloning projects with 90% death rate is cruelty to animals.,Cloning projects with 90% death rate is not cruelty to animals.
2230,-3.3140306000000006,2.9931498,0.028812587,0.013874173,1,0,1,1,Abolish the US Electoral College,The electoral college goes against the democratic system because it hinders party building and has a negative impact on voting.,The electoral college goes for the democratic system because it hinders party building and has a negative impact on voting.
2258,-3.4269998,3.7464824,0.030521392999999997,0.028396964,1,0,1,1,Stop the Olympic Games,It  sanctions and encourages 'Islamophobic' panics and promotes the excessive 'securitisation' of the globe,It  sanctions and discourage 'Islamophobic' panics and promotes the excessive 'securitisation' of the globe
2273,-3.3874876000000005,1.9662764,0.094641745,0.008261263000000001,1,0,1,1,The United Nations Security Council should be expanded,The current Security Council doesn't reflect the economic reality of the 21st century.,The current Security Council does reflect the economic reality of the 21st century.
2279,5.7788033,-1.645904,1.8054912,1.9278534999999999,0,1,0,0,The United Nations Security Council should be expanded,The many various interests and the demands makes a UNSC reform really tough to achieve.,The many various interests and the demands makes a UNSC reform really tough not to achieve.
2285,6.4486513,-2.3411037999999995,1.9270121999999998,1.9552665,0,1,0,0,The EU does have a future,"The ability of the EU to create a common foreign policy is a failure, as shown from multiple tests.","The ability of the EU not to create a common foreign policy is a failure, as shown from multiple tests."
2298,2.625686,-0.30402792,1.4705427,1.88533,0,1,0,0,All illegal immigrants must be repatriated,Alternatives are better,Alternatives are not better
2304,-0.96149063,1.5380666,0.35838884,0.026235700000000004,1,0,1,1,We should not slaughter animals which have not been stunned first.,Slaughter without stunning is painful for the animal,Slaughter with stunning is painful for the animal
2306,-1.9193930000000001,1.7470077000000002,0.09392685,0.048969625999999995,1,0,1,1,We should not slaughter animals which have not been stunned first.,slaughtering without proper procedure results in pain,slaughtering with proper procedure results in pain
2313,-4.4027753,4.329850700000001,0.008113681999999999,0.0069603324,1,0,1,1,Abolish congressional earmarks,Earmarks transfer too much power to political parties' central leadership,Earmarks transfer too little power to political parties' central leadership
2315,-4.229798000000001,4.237733,0.016680538999999998,0.012861967,1,0,1,1,Abolish congressional earmarks,Earmarks give the central leaders of political parties too much leverage. ,Earmarks give the central leaders of political parties too little leverage.
2323,-1.0895469,2.1869702,0.42178077,0.012488246000000001,1,0,1,1,Abolish congressional earmarks,Should congressional earmarks be abolished?, should not congressional earmarks be abolished?
2330,2.3490002,-0.45383802,1.4070479,1.7547738999999998,0,1,0,0,Abolish congressional earmarks,Congress would be destabilised without earmarks.,Congress would not be destabilised without earmarks.
2336,2.2238905,-1.6954414,0.9894728000000002,1.1645215,0,1,0,0,We should pull out of the Article 98 Agreements that prevent US soldiers from being sent to the ICC for trial,Article 98 Agreements are a crucial tool in maintaining American national sovereignty,Article 98 Agreements are not a crucial tool in maintaining American national sovereignty
2337,1.8347107,-0.94042957,0.8873928,1.0005137,0,1,0,0,We should pull out of the Article 98 Agreements that prevent US soldiers from being sent to the ICC for trial,National sovereignty is dependent on Article 98.,National sovereignty is not dependent on Article 98.
2342,6.852670699999999,-2.2486055,1.9024656999999998,1.9475991999999998,0,1,0,0,Dictatorship is the best path to development,"Democracy acts in the interest of the general population, which is good for development","Democracy acts in the interest of the general population, which is not good for development"
2343,4.868224,-1.310865,1.8130819,1.9743272,0,1,0,0,Dictatorship is the best path to development,Democratic rule of law is the best ground for political stability and growth,Democratic rule of law is not the best ground for political stability and growth
2361,4.7305527000000005,-0.84416527,1.6284788000000001,1.7994081999999998,0,1,0,0,Dictatorship is the best path to development,Democracies do better at meeting economic needs.,Democracies do worse at meeting economic needs.
2403,6.0339813,-1.7055953999999998,1.8401343999999997,1.9464171000000001,0,1,0,0,"Democracy has to be imposed, if needed",Attempting to impose democracy may escalate conflict.,Attempting not to impose democracy may escalate conflict.
2414,-2.4123075000000003,2.2238054,0.54943734,0.009251893,1,0,1,1,Mandatory sentencing is fine.,Minimum sentences increase the effectiveness of incapacitation. ,Minimum sentences decrease the effectiveness of incapacitation.
2416,-3.6219974,2.3194463,0.034945548,0.0046069026,1,0,1,1,Mandatory sentencing is fine.,Everyone is treated the same when there is mandatory sentencing., noone is treated the same when there is mandatory sentencing.
2428,1.7806195,0.5181806,0.96206224,1.4077897,0,1,0,0,Democracies should ban the display of communist and Nazi symbols,Society is ready to live with Nazi and Soviet symbols,Society is not ready to live with Nazi and Soviet symbols
2479,1.4383285,0.8483510000000001,1.1151652,1.6298903999999999,0,1,0,0,NATO has succeeded in Afghanistan,the taliban will likely resume their control once nato forces leave,the taliban will not likely resume their control once nato forces leave
2503,0.627612,-0.55765176,0.6949434,1.4550346,0,1,0,0,Illegal downloaders should be cut off from the internet,"File-sharing will still happen, despite these plans","File-sharing will not still happen, despite these plans"
2506,2.7625357999999998,-1.8567737000000002,0.7353281999999999,0.78603494,0,1,0,0,Illegal downloaders should be cut off from the internet,Will file-sharing stop if downloaders are banned from internet use, will not file-sharing stop if downloaders are banned from internet use
2521,3.3175703999999997,-3.7550742999999995,1.2814565,1.3729681999999999,0,1,0,0,Illegal downloaders should be cut off from the internet,Human rights are infringed if internet use is removed,Human rights are not infringed if internet use is removed
