undermine_score,support_score,cp_distance,cop_distance,predict_label,distance_label,gold,Label,claim,perspective,opposite_perspective
-4.223587,3.430138,0.020014465,0.012878656,1,0,1,1,School Day Should Be Extended,Lessons would feel less broken.,Lessons would not feel less broken.
-1.6599853999999998,2.5632455000000003,0.27741253,0.15797633,1,0,1,1,School Day Should Be Extended,Less need for homework.,More need for homework.
6.975863,-2.3723919999999996,1.9207759999999998,1.9287682000000002,0,1,1,1,Chess must be at the Olympics,"Chess is currently not an Olympic sport, but it should be.","Chess is currently an Olympic sport, but it should be."
1.8122996999999998,-0.92704743,1.0966926000000001,1.6611788,0,1,1,1,Federal States are better than unitary nations,Citizens are better protected in federal states.,Citizens are not better protected in federal states.
2.3636642000000005,-1.4785311,1.1793341999999998,1.4221778,0,1,1,1,Federal States are better than unitary nations,Federal states are economically stronger,Federal states are not economically stronger
-0.14259715,0.31811538,0.31345898,0.12050313,1,0,1,1,The Catholic Church needs reform,"The Catholic Church wants loyalty to institution, not to the common man.","The Catholic Church wants loyalty to institution, to the common man."
5.1893400000000005,-5.870833999999999,1.7080707999999998,1.7808544999999998,0,1,1,1,The Catholic Church needs reform,"If priests were not forced to be celibate, the issue of child rate would not be as widespread.","If priests were forced to be celibate, the issue of child rate would not be as widespread."
4.9766994,-0.7667258000000001,1.3191316000000002,1.7891183000000002,0,1,0,0,Positive Discrimination Towards Women in Society Is Justified,"It is Men, Not Women, who are Disadvantaged in our Society","It is Men, Women, who are Disadvantaged in our Society"
6.6647644,-2.3380047999999998,1.9578102,1.9627199,0,1,0,0,Positive Discrimination Towards Women in Society Is Justified,Positive discrimination takes away voters' freedom of choice by limiting their choices to women, negative discrimination takes away voters' freedom of choice by limiting their choices to women
-2.499869,2.0185299999999997,0.45105845,0.013398945,1,0,1,1,Positive Discrimination Towards Women in Society Is Justified,Women are vastly underrepresented in democratic legislatures across the world. Until 20 years ago women had never been more than 5% of MPs in UK Parliament. ,Women are not vastly underrepresented in democratic legislatures across the world. Until 20 years ago women had never been more than 5% of MPs in UK Parliament.
-3.912886,3.5814877,0.21423429,0.18993616,1,0,1,1,Positive Discrimination Towards Women in Society Is Justified,"Until as recently as 20 years ago, no more than 5% of MPs in UK Parliament were female. Positive discrimination would increase that statistic","Until as recently as 20 years ago, no less than 5% of MPs in UK Parliament were female. Positive discrimination would increase that statistic"
3.4377102999999996,-1.7020648999999997,1.0917683999999999,1.1698959,0,1,0,0, College education is worth it,"The question of whether or not a college education is necessary for success is one that is debated, as many successful people are not college educated.","The question of whether or a college education is necessary for success is one that is debated, as many successful people are not college educated."
-2.28303,2.3072689,0.42603797,0.20001078,1,0,0,0, College education is worth it,Many college graduates are employed in jobs that do not require college degrees.,Many college graduates are employed in jobs that do require college degrees.
-1.6092399,1.0260099,0.6004571999999999,0.102158844,1,0,1,1, College education is worth it,More jobs only hire those with college degrees.,Less jobs only hire those with college degrees.
1.6770337,1.4355392,1.2011003,1.6276030000000001,0,1,1,1, College education is worth it,College graduates make more money.,College graduates make less money.
6.4989667,-1.8290417,1.8949202,1.9682518,0,1,0,0, College education is worth it,The total cost of going to college also includes the cost of missing opportunities to make money at a job.,The total cost of going not to college also includes the cost of missing opportunities to make money at a job.
-3.9840313999999997,4.0418324,0.06030357,0.051696062,1,0,1,1,Socialism is Dead,Socialism was a twentieth century ideology which ran its course and ran out of steam when it became clear that Capitalism worked better,Socialism was not a twentieth century ideology which ran its course and ran out of steam when it became clear that Capitalism worked better
-3.7459807,4.0530787,0.06601095,0.031380832000000004,1,0,1,1,Socialism is Dead,Capitalism replaced Socialism because it's the better system.,Capitalism replaced Socialism because it's the worse system.
-3.5966058,3.6805382000000004,0.09430176,0.031254828,1,0,1,1,Socialism is Dead,Socialism is no longer seen as a viable option and even the Left has accepted that Capitalism is a better system.,Socialism is not no longer seen as a viable option and even the Left has accepted that Capitalism is a better system.
-4.508074,3.2939377,0.00674212,0.005174458,1,0,1,1,Governments Should Pay Compensation For Terrorist Atrocities Carried Out By Their Citizens,Governments in countries where terrorism is prevalent should allocate tax dollars to a pool to compensate nations that have been victims.,Governments in countries where terrorism is not prevalent should allocate tax dollars to a pool to compensate nations that have been victims.
2.5856388,0.0032938984,0.59319067,1.1707501,0,1,1,1,College football should replace the bowl championship series (BCS),"A playoff system would not mean the end of the BCS rankings, which could still be used to determine the top 4, 8, 12, or 16 teams, depending on how many playoff games are feasible.","A playoff system would mean the end of the BCS rankings, which could still be used to determine the top 4, 8, 12, or 16 teams, depending on how many playoff games are feasible."
-4.915796299999999,4.184451999999999,0.051813543,0.011907756,1,0,1,1,All drugs should be decriminalised, Decriminilisation of drugs will diminish organised crime , Decriminilisation of drugs will not diminish organised crime
1.6175061000000002,0.9194578000000001,0.9487099,1.8444197,0,1,1,1,Pensions should be privatised,Private Enterprise is more suited to long-term planning and sustainability,Private Enterprise is not more suited to long-term planning and sustainability
4.633711,-1.274824,1.6943831000000003,1.7049928,0,1,0,0,You have nothing to worry about surveillance if you have done nothing wrong,Lack of trust, glut of trust
-3.7806091,4.2755165,0.038880587,0.034329295,1,0,1,1,The use of animals as objects of sport and entertainment should be banned.,When animals are treated as property it prevents them from being perceieved as part of the moral community. ,When animals are not treated as property it prevents them from being perceieved as part of the moral community.
3.264475,-3.1446035,0.97437984,1.0522799999999999,0,1,0,0,"In Parliamentary Democracies, A Change Of Prime Minister Should Automatically Trigger A General Election.",It would create instability and logistical problems,It would not create instability and logistical problems
-4.290851,3.264986,0.008956432,0.0038850307,1,0,1,1,We must support the use of truth and reconciliation commissions,reconciliation helps with justice,reconciliation spoil with justice
-3.296128,2.4268856,0.16278595,0.0030496715999999997,1,0,1,1,We must support the use of truth and reconciliation commissions,Truth and reconciliation are more important than retribution following violent and long term conflicts,Truth and reconciliation are not more important than retribution following violent and long term conflicts
-4.549434,3.3134785000000004,0.012587547,0.011852145,1,0,0,0,There is a good case for stating that there is a God,"If there is a god, its the sun.","If there is not a god, its the sun."
4.39497,-1.1740786,1.6006353000000002,1.8137269,0,1,0,0,The law on self defence should cover ‘grossly disproportionate’ actions,There is already enough leeway in the law of self defence.,There is not already enough leeway in the law of self defence.
3.1684308,-1.2677199,1.3334923,1.5147538,0,1,1,1,Animal testing should be banned.,"While both people and animals both suffer, most animals suffer more than people do.","While both people and animals both suffer, most animals suffer less than people do."
-1.4739954,1.8106514,0.15942651,0.04435402,1,0,0,0,Animal testing should be banned.,Animals often make better research subjects than human beings because of their shorter life cycles.,Animals often make worse research subjects than human beings because of their shorter life cycles.
5.221180400000001,-1.5058148999999998,1.7385976000000003,1.8177156000000003,0,1,1,1,Instant Replay Should Be Used in Major League Baseball,Umpires will benfit greatly from instant replay in the MLB physically.,Umpires will not benfit greatly from instant replay in the MLB physically.
4.4300914,-0.4765882000000001,1.6123035,1.8886453999999997,0,1,0,0,Instant Replay Should Be Used in Major League Baseball,Instant replay will take the human element out of baseball,Instant replay will not take the human element out of baseball
-3.9412644,2.78061,0.11564934,0.0028754473,1,0,1,1,Instant Replay Should Be Used in Major League Baseball,"It’s not possible to get every call right, so instant replay is a necessary supplement to umpires’ skill","It’s possible to get every call right, so instant replay is a necessary supplement to umpires’ skill"
-3.6569562000000007,2.9078822,0.15835506,0.034151673,1,0,0,0,Instant Replay Should Be Used in Major League Baseball,Instant replay will make long MLB games even longer.,Instant replay will not make long MLB games even longer.
6.8322066999999995,-2.1433072,1.9225235,1.9491317,0,1,0,0,Instant Replay Should Be Used in Major League Baseball,Instant replay drags ut calls most umpires can make already.,Instant replay drags ut calls most umpires can not make already.
-4.115883,2.9061227,0.0063090324,0.003038168,1,0,1,1,Antarctica Should Be Opened Up For Resource Exploitation,"No possible over abuse on the resources, just a utilitarian, global benefit","No possible over abuse on the resources, just a utilitarian, global harm "
-1.9142758999999998,0.47974062,0.34679633,0.012818158,1,0,0,0,It is fine to kill one to save many,We cannot support a world where killing is acceptable as long as it saves lives.,We can support a world where killing is acceptable as long as it saves lives.
5.943331,-1.9855123,1.8715211999999999,1.9476402,0,1,0,0,It is fine to kill one to save many,"Intuitively, it is possible to understand that participating in a decision to kill is a priori wrong","Intuitively, it is not possible to understand that participating in a decision to kill is a priori wrong"
5.977237000000001,-1.3344203000000001,1.8256974,1.8923671000000002,0,1,0,0,It is fine to kill one to save many,"Intiution explains the reason why the decision to kill is viewed as wrong ,as a general principle.","Intiution explains the reason why the decision not to kill is viewed as wrong ,as a general principle."
-3.8172956,3.1398852,0.11435968,0.103140295,1,0,0,0,It is fine to kill one to save many,The possibility for the universal recogonition that killing is wrong can be deduced by pure intuition.,The possibility for the universal recogonition that killing is not wrong can be deduced by pure intuition.
-2.8115864,2.2616652999999998,0.38258606,0.0050038695,1,0,0,0,Africa is really rising,The Continent is still vulnerable to natural disasters,The Continent is not still vulnerable to natural disasters
-4.311532,3.2138019,0.007681250600000001,0.0021399856,1,0,1,1,Transparency is necessary for security,Transparency would make mistakes easier to prevent or identify.,Transparency would not make mistakes easier to prevent or identify.
6.0221849999999995,-2.3767433,1.8890433,1.962718,0,1,0,0,Student loan debt should be easier to discharge in bankruptcy,Student loan discharge would incite colleges to raise tuition,Student loan discharge would not incite colleges to raise tuition
0.7755059,-0.47333702,1.1539096000000002,1.9776436999999998,0,1,1,1,PHILOSOPHY – Utilitarianism isn’t as fair as it initially seems,INDIVIDUAL HEDONISM NOT ALWAYS POSITIVE FOR SOCIETY/INDIVIDUALS THEMSELVES.,INDIVIDUAL HEDONISM ALWAYS POSITIVE FOR SOCIETY/INDIVIDUALS THEMSELVES.
2.9126797000000004,0.5084558,1.4030011,1.8832967,0,1,0,0,Parents should have the right to do background checks on those looking after their children,Vigilante attacks can possible happen because of that.,Vigilante attacks can not possible happen because of that.
6.0753684,-1.6859378,1.9031028000000003,1.9469256000000001,0,1,0,0,Privacy Online is Important,Internet privacy only helps criminals.,Internet privacy only spoil criminals.
4.331799500000001,-0.61710274,1.60235,1.7307493999999999,0,1,0,0,Privacy Online is Important,Online privacy only benefits those who commit crimes on the internet.,Online privacy only harm those who commit crimes on the internet.
-4.0587955000000004,2.8161964,0.014945567,0.0075650215000000005,1,0,1,1,Privacy Online is Important,People vulnerable to explotation are protected.,People vulnerable not to explotation are protected.
-3.9211416,2.717756,0.056867957000000004,0.02312076,1,0,1,1,Privacy Online is Important,Those who might be exploited are protected. ,Those who might not be exploited are protected.
3.3650122000000002,-0.10448944,1.5140107,1.7649407,0,1,1,1,Privacy Online is Important,Users online would be unprotected from exploitation if it weren't for online privacy.,Users online would be unprotected from exploitation if it were for online privacy.
0.9982291,0.17171028,0.92553496,1.6526146000000002,0,1,0,0,Encourage fewer people to go to university,College graduates are more productive as members of society.,College graduates are not more productive as members of society.
4.5418205,-4.1877627,1.1958369,1.2861861,0,1,1,1,Encourage fewer people to go to university,"Some argue that a college education may not be necessary, since there are many people who have succeeded despite not having college degrees. ","Some argue that a college education may be necessary, since there are many people who have succeeded despite not having college degrees."
4.4621825,-3.7638032,1.3349586000000002,1.8638407,0,1,1,1,Encourage fewer people to go to university,There are more students that are having their views and values shifted during college than in the past.,There are not more students that are having their views and values shifted during college than in the past.
-3.5848758000000003,3.9416050000000005,0.09021592,0.042423964,1,0,0,0,Encourage fewer people to go to university,College graduates make more money.,College graduates make less money.
4.440580000000001,-3.4971193999999994,1.3775438999999998,1.7333971999999997,0,1,0,0,Encourage fewer people to go to university,Learning will always pay off. ,Learning will not always pay off.
-0.032758567,-0.04254168,0.45487040000000006,0.8717568000000001,0,1,1,1,Encourage fewer people to go to university,A college degree is no guarantee of workplace benefits.,A college degree is not no guarantee of workplace benefits.
2.3062146,-2.5610876,0.814561,1.7194922,0,1,1,1,Encourage fewer people to go to university,There is no guarantee there will be benefits.,There is not no guarantee there will be benefits.
6.182746400000001,-5.3283477,1.4994242,1.5835931,0,1,0,0,Encourage fewer people to go to university,Employers are attracted to locales with college graduates. ,Employers are not attracted to locales with college graduates.
-1.2928073,2.0863907,0.28810418,0.26751816,1,0,1,1,Governments should ban the media from reporting hostage-taking,Exaggeration by the media hurts the situation more than helping it along,Exaggeration by the media protect the situation more than helping it along
4.7536830000000005,-0.37554818,1.5965103,1.6660194,0,1,1,1,We must enforce term limits on the legislative branch of government,"the longer someone is  in power, the more likely he will use it for personal advantage","the longer someone is not  in power, the more likely he will use it for personal advantage"
4.8762274,-0.5058946,1.6219128,1.6500959,0,1,1,1,We must enforce term limits on the legislative branch of government,"as times went one, the more someone is in control of his power, the more likely he will succumb to use such power for personal advantage","as times went one, the less someone is in control of his power, the more likely he will succumb to use such power for personal advantage"
-2.6283064,1.5202688,0.10870105,0.008303880999999999,1,0,1,1,We must enforce term limits on the legislative branch of government,Term limits create more competitive elections for public office that empower new leaders and ideas:,Term limits create less competitive elections for public office that empower new leaders and ideas:
2.1624334,1.3775266000000002,1.2305741000000001,1.7496521,0,1,0,0,We must enforce term limits on the legislative branch of government,The incentive for corruption and self-enrichment in office is increased by term limits:,The incentive for corruption and self-enrichment in office is not increased by term limits:
5.6140566,-1.7591017,1.7544137999999998,1.8183314999999998,0,1,0,0,We must enforce term limits on the legislative branch of government,"There are many instances when having a powerful, unlimited executive branch of government is best.","There are not many instances when having a powerful, unlimited executive branch of government is best."
3.5301913999999996,-0.3106634,1.461463,1.6106796,0,1,1,1,We must enforce term limits on the legislative branch of government,there should be a tenancy for the executive branch of government as to keep in check the power of its leaders,there should not be a tenancy for the executive branch of government as to keep in check the power of its leaders
1.0247239,-0.85848016,1.0499613,1.7415929,0,1,1,1,Government must be Big and Beefy,"Government was required to drive through major changes such as drives for equality within society, universal education, and preservation of the environment. Mostly in the teeth of big business ","Government was not required to drive through major changes such as drives for equality within society, universal education, and preservation of the environment. Mostly in the teeth of big business"
4.63737,-0.38347447,1.6106998,1.9191499,0,1,1,1,Terrorism can be justified,Terrorism can bring attention,Terrorism can not bring attention
4.0849150000000005,0.64032835,1.4783746000000002,1.8865005000000001,0,1,1,1,Terrorism can be justified,Terrorism can lead to discussion,Terrorism can not lead to discussion
6.2706876,-1.9418456999999998,1.8665432000000002,1.8689116999999997,0,1,0,0,People should have a right to private education,A lack of diversity is one issue with private schools,A glut of diversity is one issue with private schools
4.8422313,-2.7465854,1.5187819,1.7098153000000003,0,1,1,1,People should have a right to private education,Abolishing a good service on the basis that some cannot afford it is absurd,Abolishing a good service on the basis that some can afford it is absurd
-3.7261963,3.949579,0.048814774000000005,0.01619625,1,0,1,1,Abolish the Superdelegate System for Democratic Party Conventions,"The disproportionate influence of former politicians inevitably benefits old, powerful, white men ","The disproportionate influence of former politicians inevitably harm old, powerful, white men"
-3.2774162000000002,2.1022327,0.19897473,0.16100526,1,0,1,1,permit the use of performance enhancing drugs in professional sports,"There is no distinction between ""natural"" and synthetic methods of performance enhancement","There is not no distinction between ""natural"" and synthetic methods of performance enhancement"
-2.9717984,1.7138324,0.2653178,0.03196764,1,0,1,1,permit the use of performance enhancing drugs in professional sports,Taking more risks in training and competition would allow athletes the freedom to become the best competitors they can be.,Taking less risks in training and competition would allow athletes the freedom to become the best competitors they can be.
5.3108864,-3.81417,1.5180835,1.7220793,0,1,0,0,Handguns must be banned in Washington D.C.,Many of the American adults are in favour of carrying concealed handguns,Many of the American adults are not in favour of carrying concealed handguns
2.5905514,-2.2164254,0.8148517,1.2239037,0,1,1,1,Handguns must be banned in Washington D.C.,The conditions for concealed carry permits and background checks do not inhibit criminals from obtaining weapons,The conditions for concealed carry permits and background checks do inhibit criminals from obtaining weapons
1.0151303,-1.0295099,0.48645538,0.5699139,0,1,1,1,Handguns must be banned in Washington D.C.,"Public safety should be left to professionally qualified police officers, not private citizens with little or no expert training.","Public safety should be left to professionally qualified police officers, private citizens with little or no expert training."
0.52535707,-0.023556259,0.46088892,0.8806485000000001,0,1,1,1,Handguns must be banned in Washington D.C.,"Only police officers, who have received professional qualifications, should protect the safety of the public, not private individuals who have not received such training","Only police officers, who have received professional qualifications, should protect the safety of the public, private individuals who have not received such training"
-1.7907306,2.4541934,0.19304913,0.023697674,1,0,1,1,Handguns must be banned in Washington D.C.,Concealed carrying of weapons results in a greater chance of a conflict becoming more intense to the point of death of one party.,Concealed carrying of weapons results in a greater chance of a conflict becoming less intense to the point of death of one party.
-3.985296,3.8450908999999998,0.050678015,0.047902465,1,0,1,1,Rupert Murdoch is not a fit person to run an international media corporation,News Corp's lack of transparency make it a suspect organization.,News Corp's glut of transparency make it a suspect organization.
-2.7318985000000002,3.0179906,0.1511544,0.10108948,1,0,1,1,Rupert Murdoch is not a fit person to run an international media corporation,The lack of transparency in News Corp creates a overwhelming distrust in the public view.,The glut of transparency in News Corp creates a overwhelming distrust in the public view.
-4.272798000000001,3.8438876000000004,0.017034352,0.012940705,1,0,0,0,Rupert Murdoch is not a fit person to run an international media corporation,"Murdoch is effective at selling news to the masses, sadly because of his lack of morals.","Murdoch is not effective at selling news to the masses, sadly because of his lack of morals."
2.7935455,0.8737638000000001,0.78205734,1.8727033,0,1,1,1,It is worth voting,We vote not just for ourselves.,We vote just for ourselves.
2.1827612000000003,-1.6743022,0.7947544,0.7951885999999999,0,1,0,0,Civil liberties should be sacrificed for the greater good,The loss of individual liberty is the start of a slippery slope.,The loss of individual liberty is not the start of a slippery slope.
0.7299594,-0.5855264,0.72009844,1.3510636999999999,0,1,0,0,Civil liberties should be sacrificed for the greater good,Losing individual liberties leads to dangerous times.,Losing individual liberties leads not to dangerous times.
1.4921784,-0.93381935,0.7889879,1.5659065,0,1,0,0,Civil liberties should be sacrificed for the greater good,The loss of individual freedoms is the beginning of dark times.,The loss of individual freedoms is not the beginning of dark times.
0.22998501,0.11402201,1.0741078000000002,1.8964590000000001,0,1,0,0,Civil liberties should be sacrificed for the greater good,The terrorists would win in that case!,The terrorists would not win in that case!
7.0497975,-2.4948995,1.9408553,1.9731945,0,1,1,1,Fighting should be allowed in hockey.,Fighting is a hockey tradition that exists in the official rules and as an unwritten code among players.,Fighting is not a hockey tradition that exists in the official rules and as an unwritten code among players.
2.2301972,-0.38425934,1.1991233000000001,1.22504,0,1,1,1,Boys should go to boys only schools,some boys and girls should be educated seperately,some boys and girls should not be educated seperately
-4.3110847,3.7264720000000002,0.028646529,0.013729334,1,0,1,1,The Internet must be censored,Even sites that appeared innocent have had a devastating effect on society.,Even sites that appeared innocent don't have had a devastating effect on society.
2.7119687000000003,0.74544704,1.3276838,1.9701810000000002,0,1,0,0,We support the New START Treaty,The New START treaty helps Russia more than the US,The New START treaty spoil Russia more than the US
1.7317042,-1.5663446,0.72199684,1.7070691999999998,0,1,1,1,Christianity is the greatest deception of today,"Christianity may be a deception but it's not the ""greatest"" one","Christianity may be a deception but it's the ""greatest"" one"
-0.21752802,0.10913423400000001,0.22617996,0.0074062943000000004,1,0,0,0,Christianity is the greatest deception of today,"It isn't christianity that's the deception, organised religion is!","It is christianity that's the deception, organised religion is!"
5.861915,-1.9105294999999998,1.7505747,1.8520028999999998,0,1,0,0,Fines should be made relative to income,"Creates the perception that fines are like taxes, rather than a punishment","Creates the perception that fines are not like taxes, rather than a punishment"
-1.1335151,0.8805845999999999,0.3587916,0.042366922,1,0,1,1,The UN should impose sanctions on countries that destroy their rainforests,[Response to rebuttal] Sanctions are the most effective response to an urgent crisis.,[Response not to rebuttal] Sanctions are the most effective response to an urgent crisis.
0.15845159,0.6964738,0.573116,0.42503947,1,0,0,0,The United States is a ‘benign’ hegemon,"The US is not a hegemon at all, but an imperialist power-an empire. ","The US is a hegemon at all, but an imperialist power-an empire."
1.9303811999999998,-1.0771268999999999,0.8659982,0.9548245000000001,0,1,0,0,The United States is a ‘benign’ hegemon,The United States is a de facto empire.,The United States is not a de facto empire.
-0.8820023000000001,1.3120317,0.43181579999999997,0.05015695,1,0,0,0,The United States is a ‘benign’ hegemon,The US is less of a hegemon and more of an imperial empire,The US is not less of a hegemon and more of an imperial empire
0.5282923,-0.15694132,0.5391676999999999,1.6045361999999999,0,1,0,0,The United States is a ‘benign’ hegemon,The US is more like an imperial power and less like a hegemon,The US is not more like an imperial power and less like a hegemon
-0.6356347,0.26931173,0.47375947,0.3110875,1,0,0,0,The full financial history of all candidates for political office must be posted online,"The focus of elections should be on policy, not personal issues like financial records","The focus of elections should be on policy, personal issues like financial records"
5.32979,-1.909202,1.7684336999999999,1.9200108,0,1,0,0,The full financial history of all candidates for political office must be posted online,"Financial records are personal, not political, issues.","Financial records are personal, political, issues."
4.132701399999999,-0.76593524,1.6078117,1.8983862,0,1,1,1,The full financial history of all candidates for political office must be posted online,Financial dealings can indicate candidates’ willingness to circumvent the system/play by the rules,Financial dealings can not indicate candidates’ willingness to circumvent the system/play by the rules
-3.578292,2.9167376,0.007388413000000001,0.0027362108,1,0,1,1,Pre-nuptial agreements should not be recognised in divorce courts,Prenuptial agreements are either too lovely or not as lovely as they appear,Prenuptial agreements are either too lovely or as lovely as they appear
7.7645564,-8.325702,1.7672603999999998,1.8031049,0,1,0,0,Smoking should be banned in public places,"WHAT HAPPEN TO A FREE CANADA.  WE ARE GOING BACK TO THE TIME WERE SLAVES HAD NO RIGHT, NOW IT IS SMOKERS HAVE NO RIGHT","WHAT HAPPEN TO A FREE CANADA.  WE are not GOING BACK TO THE TIME WERE SLAVES HAD NO RIGHT, NOW IT IS SMOKERS HAVE NO RIGHT"
7.697469,-8.501755000000001,1.8045761999999999,1.809282,0,1,0,0,Smoking should be banned in public places,Taking away a smoker's rights to smoke in public is akin to the time of slavery!,Taking away a smoker's rights not to smoke in public is akin to the time of slavery!
2.41277,-0.49833554,1.3292886,1.7173879,0,1,1,1,We should abolish speed cameras,Driving behaviour has not changed since cameras were introduced,Driving behaviour has changed since cameras were introduced
3.051301,-2.031284,1.4892243,1.6074647,0,1,1,1,Scotland should cede from the union.,Independence would give Scotland clout where it matters,Independence would not give Scotland clout where it matters
3.000514,-1.9434034,1.501903,1.6468561000000002,0,1,1,1,Scotland should cede from the union.,An independent Scotland nation-state would give it more influence.,An independent Scotland nation-state would not give it more influence.
1.9194483,-2.6764584,0.7929783,1.4444611,0,1,0,0,Scotland should cede from the union.,Scotland will be unable to survive economically without England,Scotland will not be unable to survive economically without England
2.2552117999999997,-1.1983786,1.4257777,1.492724,0,1,1,1,US must get rid of the double jeopardy rule,Abolishment of double jeopardy would ensure the guilty do not escape punishment,Abolishment of double jeopardy would ensure the guilty do escape punishment
1.2508605,0.69304264,1.1383687,1.4949895,0,1,1,1,We must ban negative advertising in political campaigns,Negative campaigns helps reduce diversity, positive campaigns helps reduce diversity
-2.252242,2.968271,0.13586634,0.109116435,1,0,1,1,We must ban negative advertising in political campaigns,Negative campaigning leads to negative governance., positive campaigning leads to negative governance.
-1.1495428,1.4391648000000001,0.2208113,0.1745835,1,0,1,1,We must ban negative advertising in political campaigns,Negative campaigns can lead to negative governing., positive campaigns can lead to negative governing.
6.625433,-2.1754599999999997,1.8562098000000002,1.9491911,0,1,0,0,Humans should eat meat,We should stop eating so much meat.,We should not stop eating so much meat.
5.5189033,-1.6457447,1.8207453000000002,1.8524777,0,1,0,0,Humans should eat meat,vegetarians visit hospitals 22% less often than meat eaters ,vegetarians visit hospitals 22% more often than meat eaters
5.7130160000000005,-1.7655002,1.8467093,1.8688488,0,1,0,0,Humans should eat meat,Vegetarians visit hospitals 22% less than meat eaters.,Vegetarians visit hospitals 22% more than meat eaters.
5.9655323,-2.3206112,1.8528721000000001,1.8712482,0,1,0,0,Humans should eat meat,Vegetarians go to hospitals 22% less than meat eaters.,Vegetarians go not to hospitals 22% less than meat eaters.
-1.2711207,0.65691495,0.92504275,0.0932278,1,0,1,1,The environment is being sacrificed for the economy,air pollution is going to get worse,air pollution is not going to get worse
-1.6123264,0.9804994,0.8758425999999999,0.07493806,1,0,1,1,The environment is being sacrificed for the economy,the pollution in the air is going to get worse,the pollution in the air is not going to get worse
1.3664673999999999,-0.9639460999999999,0.8811539,1.6922123,0,1,0,0,Gorbachev Was Responsible for The Collapse Of The USSR,It was dead from the time Stalin took control,It was not dead from the time Stalin took control
6.195485,-1.7093314,1.8295115000000002,1.8613776999999998,0,1,1,1,Major league baseball should continue to allow collisions at home plate,Collisions happen in baseball and should be left as is.,Collisions happen in baseball and should not be left as is.
3.9083080000000003,-0.010307307,1.5708385,1.6989118000000003,0,1,1,1,Major league baseball should continue to allow collisions at home plate,The catcher or runner would have a ridiculous advantage if collisions were not allowed.,The catcher or runner would have a ridiculous advantage if collisions were allowed.
-3.4668732,2.145784,0.020943046,0.01739788,1,0,0,0,Individuals have a moral obligation to assist people in need,"Help should only be provided to those that want it, and individuals should be able to choose if they want to help or not.","Help should only be provided to those that want it, and individuals should be able to choose if they want to help or ."
-2.0189426,1.3462157,0.36628973,0.069924295,1,0,1,1,History as a subject in school is needed,history repeats itself if not known,history repeats itself if known
-4.0275574,2.6890563999999997,0.0035681725,0.0024393797,1,0,1,1,History as a subject in school is needed,"Teaching history ensures that events of the past are not forgotten, and lessons are learned","Teaching history ensures that events of the past are forgotten, and lessons are learned"
3.8507202000000005,-0.38918817,1.6894306000000001,1.9391691999999998,0,1,1,1,History as a subject in school is needed,"Without a firm foundation of historical knowledge, children will have a harder time learning necessary skills. "," with a firm foundation of historical knowledge, children will have a harder time learning necessary skills."
1.1231548,-0.9292348,0.81919336,0.958649,0,1,0,0,Jerusalem should be divided,Division would do more harm than good.,Division would not do more harm than good.
5.6992617,-2.1722095,1.6823238999999999,1.8927028000000001,0,1,0,0,Golf is a Sport,"Golf involves many elements of competition, but that does not make it a sport.","Golf involves many elements of competition, but that does make it a sport."
3.2410072999999997,0.041103963,1.502425,1.6120055,0,1,0,0,Golf is a Sport,"If an activity does not make you break a sweat, or if it can be done while drinking and smoking, then it is not a sport. ","If an activity does make you break a sweat, or if it can be done while drinking and smoking, then it is not a sport."
3.7429821000000003,0.17811239,1.5155711,1.9262726000000003,0,1,0,0,Golf is a Sport,Golf better matches the definition of a game than a sport. ,Golf worse matches the definition of a game than a sport.
6.064159,-1.8124665,1.857321,1.9454756000000002,0,1,0,0,Golf is a Sport,Golf is unlike sports in which rigorous physical activities are required. ,Golf is not unlike sports in which rigorous physical activities are required.
3.2835414,-1.7185403000000001,1.5497382,1.7870705000000002,0,1,1,1,Roger Federer Is Not the Greatest Tennis Player of All Time,Lack of serious competition, glut of serious competition
-1.6053447,1.6181958,0.16236764,0.013031065,1,0,0,0,Roger Federer Is Not the Greatest Tennis Player of All Time,Federer has won many games which is very hard for peopple to do.,Federer doesn't have won many games which is very hard for peopple to do.
-3.4934046000000003,2.4255176,0.010167956,0.007973254,1,0,1,1, Aboriginal culture must be protected,"We cannot understand ourselves if we cannot understand others, so protection of indigenous culture is important.","We can understand ourselves if we cannot understand others, so protection of indigenous culture is important."
-4.7218485,5.847882299999999,0.0065745709999999995,0.004529476,1,0,1,1,Music That Glorifies Crime Should Be Banned,Music depicting violence against women discourages respect of women in men and women.,Music depicting violence for women discourages respect of women in men and women.
-4.360180000000001,3.489931,0.021967292000000003,0.005735159,1,0,1,1,Compensation should be paid for those who have had their culture appropriated,cultural appropriation damage can potentialy be reversed through compensation,cultural appropriation protect can potentialy be reversed through compensation
2.7959788,-1.3457572,1.3689358,1.3889949,0,1,1,1,Mixed Martial Arts (UFC) is a form of human cockfighting,"Depending where you are in the world, some of the rules do appear brutal","Depending where you are not in the world, some of the rules do appear brutal"
1.7722833999999998,0.7017379,0.434978,1.3042299,0,1,1,1,Mixed Martial Arts (UFC) is a form of human cockfighting,MMA is Human Cock Fighting,MMA is not Human Cock Fighting
-4.0639896,2.7288706,0.005889773399999999,0.0024568439,1,0,1,1,Drones Should Be Used to Take Out Enemy Combatants,there is nothing illegal in the use of drones,there is not nothing illegal in the use of drones
-4.2926245000000005,2.932577,0.0022956133,0.0022867918,1,0,1,1,Drones Should Be Used to Take Out Enemy Combatants,Drones are less costly than fighting with soldiers,Drones are not less costly than fighting with soldiers
-4.2581906,2.8757002000000003,0.0042025447,0.0026179552,1,0,1,1,Drones Should Be Used to Take Out Enemy Combatants,Drone Operators Have a Lower Risk for PTSD than Other Military Personnel.,Drone Operators don't have a Lower Risk for PTSD than Other Military Personnel.
-4.2122774000000005,2.8581855,0.004054129,0.0020232797,1,0,1,1,Drones Should Be Used to Take Out Enemy Combatants,fewer troops are exposed to dangers when drones are employed,fewer troops are not exposed to dangers when drones are employed
-4.3630414,3.041475,0.001263082,0.0009171963,1,0,1,1,Drones Should Be Used to Take Out Enemy Combatants,There is nothing illegal about drone strikes under US law.,There is not nothing illegal about drone strikes under US law.
-4.379959599999999,3.0220196,0.001529634,0.000795722,1,0,1,1,Drones Should Be Used to Take Out Enemy Combatants,PTSD is much less prevalent amonst drone pilots than those who participate in traditional warfare.,PTSD is not much less prevalent amonst drone pilots than those who participate in traditional warfare.
-4.3474917,2.9004202,0.0024783014999999998,0.0008790492999999999,1,0,1,1,Drones Should Be Used to Take Out Enemy Combatants,Drone pilots have lesser chance of getting PTSD than other aircraft pilots. ,Drone pilots don't have lesser chance of getting PTSD than other aircraft pilots.
5.1547456,-1.9758588,1.7859538000000001,1.8711919,0,1,0,0,Offshoring is a good idea,Living standards decline and is just one example of the cons of offshore outsourcing.,Living standards decline and is not just one example of the cons of offshore outsourcing.
-0.8712466,0.47037673,0.9840075999999999,0.7600937,1,0,1,1,Evolution has Disproved Creationism,Creationism has been dispproved because of the evidence of fossils.,Creationism doesn't have been dispproved because of the evidence of fossils.
-1.1006982,0.11301524,0.732808,0.42954123,1,0,0,0,Evolution has Disproved Creationism,Creationism has theoretical answers to questions evolution can't answer.,Creationism has theoretical answers to questions can answer.
-0.92135626,0.36624354,0.59271246,0.34311134,1,0,1,1,Evolution has Disproved Creationism,"There is no empirical evidence supporting Creationism, whereas all evidence supports abiogenesis and evolution.","There is not no empirical evidence supporting Creationism, whereas all evidence supports abiogenesis and evolution."
1.8714732,0.4492805,1.1952863,1.6184473,0,1,1,1,Anarchism is a valuable political ideology,Community action is a more powerful tool than the state for providing goods.,Community action is not a more powerful tool than the state for providing goods.
7.3320913,-3.74115,1.5909355,1.9566019000000001,0,1,0,0,Voting should be compulsory in the UK,"If people are forced to vote, they will not have the information needed to vote intelligently.","If people are forced to vote, they will have the information needed to vote intelligently."
-3.835525,2.5994002999999997,0.10493803,0.04967624,1,0,0,0,Voting should be compulsory in the UK,Democracy is based on the freedom to vote or not.,Democracy is based on the freedom to vote or .
5.4870124,-1.1932527,1.7576697000000001,1.9479606,0,1,0,0,Voting should be compulsory in the UK,Voting should be neither rewarded or punished.,Voting should not be neither rewarded or punished.
5.1593480000000005,-1.6879520000000001,0.9296299000000001,1.9458137999999998,0,1,0,0,Voting should be compulsory in the UK,You can persuade to vote but you can't force someone to do it.,You can persuade to vote but can force someone to do it.
9.482928,-9.231486,1.9342074,1.9397204,0,1,0,0,Users of extremist websites should be punished,Criminalisation creates more problems than it solves,Criminalisation creates less problems than it solves
2.983883,-1.4339913999999998,1.5929898,1.7950914,0,1,0,0,Children should not be allowed to inherit vast wealth as this damages them and society,"Who decides how much is too much, and on what basis? ","Who decides how little is too much, and on what basis?"
2.4315463999999998,-1.6682036,1.3245042999999999,1.6560825000000001,0,1,0,0,Children should not be allowed to inherit vast wealth as this damages them and society,Society can never ensure that all children start on an 'equal footing' and why would it want to?,Society can not never ensure that all children start on an 'equal footing' and why would it want to?
-3.3252172,3.2525277000000004,0.17469102,0.10711019999999999,1,0,0,0,Children should not be allowed to inherit vast wealth as this damages them and society,Children who inherit riches are in a sense demotivated and as a result damaging towards society.,Children who inherit riches are not in a sense demotivated and as a result damaging towards society.
-2.5530944,2.684514,0.21353316,0.19981003,1,0,1,1,Children should not be allowed to inherit vast wealth as this damages them and society,"The more money you have, the less spiritual you are.","The less money you have, the less spiritual you are."
0.8148325,0.58840376,1.0552924,1.6127312,0,1,1,1,Children should not be allowed to inherit vast wealth as this damages them and society,Having too much money prevents you from growing spiritually.,Having too little money prevents you from growing spiritually.
-2.8033197,4.0895042,0.49543518,0.33593714,1,0,1,1,The UK Should Leave the European Union,No chance of changing from the Pound to the Euro,No chance of changing from the Pound not to the Euro
-3.9051112999999997,4.5094423,0.22536147,0.09164941,1,0,1,1,The UK Should Leave the European Union,UK will be disentangled from EU affairs,UK will not be disentangled from EU affairs
-3.5405297,4.310813400000001,0.15587401,0.007856905,1,0,1,1,The UK Should Leave the European Union,UK will not be entangled,UK will be entangled
-3.3174956,2.1732397,0.01483655,0.011418461999999999,1,0,1,1,Keep the Sabbath as a Day of Rest,A shared day when there is no commercial activity encourages family life and recreation ,A shared day when there is not no commercial activity encourages family life and recreation
2.7345188,1.2333595,1.3104673999999998,1.3659661,0,1,1,1,Send Yanukovych to The Hague,Yanukovych committed crimes against humanity,Yanukovych committed crimes for humanity
1.8441609,1.4060188999999998,1.1883986,1.6709494999999999,0,1,1,1,Send Yanukovych to The Hague,Yanukovych crimes are against humanity.,Yanukovych crimes are not against humanity.
-4.208698,2.8327557999999997,0.004043758,0.0006771087599999999,1,0,1,1,It should be allowed to have military recruitment in schools,"If a high school is accepting state funding, the should allow military recruiters in schools at least once per year.","If a high school is not accepting state funding, the should allow military recruiters in schools at least once per year."
-4.1617584,2.9022799,0.0023536086,0.0016102791,1,0,1,1,Parents should be allowed to genetically screen foetuses for heritable diseases,"Parents in liberal societies have a duty to minimize avoidable suffering, so parents should be allowed to genetically screen fetuses. ","Parents in liberal societies don't have a duty to minimize avoidable suffering, so parents should be allowed to genetically screen fetuses."
-4.355522000000001,2.9749236,0.0013994575,0.0006008148,1,0,1,1,Parents should be allowed to genetically screen foetuses for heritable diseases,Genetic testing ensures the best quality of life for children vulnerable to heritable diseases,Genetic testing ensures the best quality of life for children vulnerable not to heritable diseases
0.20742433,-0.09043043,0.47864944,0.7833876999999999,0,1,1,1,Deny Organs to Non-Donors,What if a doctor decides to 'let you go' to get an organ?,What if a doctor decides not to 'let you go' to get an organ?
3.5456227999999994,-0.86785233,1.4956343,1.5369864,0,1,0,0,Domestic intelligence agencies have a legitimate role to play in democracy,Citizens have a right to privacy against the government.,Citizens don't have a right to privacy against the government.
5.1237183,-0.8111434000000001,1.6126797,1.7441205000000002,0,1,0,0,Labels on food must be mandated to encourage people to eat better,Food labeling allows companies to deceive consumers,Food labeling disallow companies to deceive consumers
2.4687853,0.6447183000000001,1.3386579,1.8475578000000001,0,1,1,1,Labels on food must be mandated to encourage people to eat better,"When companies label their foods, consumers have an easier time finding foods that help them meet their goals.","When companies label their foods, consumers don't have an easier time finding foods that help them meet their goals."
5.618393,-1.2317194,1.6650387999999998,1.6832155,0,1,0,0,Labels on food must be mandated to encourage people to eat better,Food labeling introduces unfair prejudice against certain products,Food labeling introduces unfair prejudice for certain products
4.117769,-0.6772541,1.5579246999999998,1.8754778000000003,0,1,0,0,Labels on food must be mandated to encourage people to eat better,Nutrition labeling on packages can encourage consumers to buy certain types of foods over others.,Nutrition labeling on packages can not encourage consumers to buy certain types of foods over others.
2.3809435000000003,0.83515835,1.1915066,1.4016676000000001,0,1,1,1,Macs are better than PCs,Macs are more performance than pc's,Macs are not more performance than pc's
-2.2531903,0.77641284,0.26335377,0.25491620000000004,1,0,1,1,Macs are better than PCs,Consumers enjoy the reduced number of restarts on the Mac OS X when compared to the latest Windows version,Consumers enjoy the increase number of restarts on the Mac OS X when compared to the latest Windows version
6.0166345,-4.579871,1.9836147000000002,1.9855813999999998,0,1,0,0,Adding artificial happy endings to a story completely ruins it,A good ending is good for morale.,A bad ending is good for morale.
5.6588426,-2.0743139,1.7907015,1.8578689,0,1,0,0,Men are the key to family planning in Uganda,Controlling sexuality in family planning is wrong,Controlling sexuality in family planning is not wrong
3.5405822,-4.5661592,1.5011861,1.5499207,0,1,1,1,Remove the requirement for Catholic Priests to take a vow of celibacy,There is no longer any reason to maintain celibacy of priests.,There is not no longer any reason to maintain celibacy of priests.
1.1307441999999999,-1.2839991000000002,1.1608357,1.7136234000000001,0,1,1,1,Remove the requirement for Catholic Priests to take a vow of celibacy,"Clerical rape of children is, in part, due to the celibacy of priests and must change","Clerical rape of children is not , in part, due to the celibacy of priests and must change"
6.1080775,-6.848669999999999,1.4557171,1.473905,0,1,1,1,Remove the requirement for Catholic Priests to take a vow of celibacy,"If priests were not forced to be celibate, the issue of child rate would not be as widespread.","If priests were forced to be celibate, the issue of child rate would not be as widespread."
2.3841162000000002,-2.7977833999999997,1.3177793,1.5401788,0,1,1,1,Remove the requirement for Catholic Priests to take a vow of celibacy,One of the reasons clerical child rape has happened is due to priests being forced to remain celibate.,One of the reasons clerical child rape doesn't have happened is due to priests being forced to remain celibate.
6.401258,-1.7650254,1.8399131999999998,1.9066205000000003,0,1,0,0,Homework is beneficial,There is no evidence that homework makes a difference for young children.,There is not no evidence that homework makes a difference for young children.
6.0965742999999994,-1.4490664,1.7941155,1.8376188000000002,0,1,0,0,Homework is beneficial,Too much homework can be harmful,Too little homework can be harmful
5.002667,-0.8002873,1.6399894,1.650145,0,1,0,0,Homework is beneficial,Too much homework is detrimental.,Too little homework is detrimental.
6.523112,-1.8500607,1.8658403000000001,1.9068801,0,1,0,0,Homework is beneficial,"Yes, kids need to balance out mental and physical exercise.","Yes, kids don't need to balance out mental and physical exercise."
5.5511384,-1.7144451,1.8301009999999998,1.8735819,0,1,0,0,Homework is beneficial,Kids need time to do many different kinds of activities. ,Kids don't need time to do many different kinds of activities.
6.350074299999999,-1.6369575,1.8561252000000001,1.9503005,0,1,0,0,Homework is beneficial,There needs to be a balance for kids between mental and physical stimulation.,There don't need to be a balance for kids between mental and physical stimulation.
6.085986,-1.5005978000000002,1.8161025000000002,1.9118203999999999,0,1,0,0,Homework is beneficial,Mental stimulation and physical exercise need to have the proper balance in children.,Mental stimulation and physical exercise don't need to have the proper balance in children.
-3.9160516000000003,3.4034949999999995,0.025328577,0.007373154,1,0,0,0,"Financial Assistance for the Poor Should Be the Responsibility of Charities, Not Government",4. Gov is better suited than charities.,4. Gov is not better suited than charities.
-0.6395973,1.4627066999999998,0.53582335,0.11852503,1,0,0,0,"Financial Assistance for the Poor Should Be the Responsibility of Charities, Not Government",The government can handle things better than charities,The government can not handle things better than charities
2.5191462000000002,-1.019924,1.4966198999999998,1.9487787,0,1,1,1,"Financial Assistance for the Poor Should Be the Responsibility of Charities, Not Government","What the governmental machine can’t, society through charities can","What the governmental machine ca , society through charities can"
3.150692,-0.62327474,1.3710177,1.5564746,0,1,1,1,The ICC is not an effective deterrent,"As the ICC intentionally limits its prosecutions to group leaders, many of those who actually commit atrocities need have no fear of prosecution","As the ICC intentionally limits its prosecutions not to group leaders, many of those who actually commit atrocities need have no fear of prosecution"
-4.714556,5.8497443,0.0045393705,0.0033678412,1,0,1,1,The music that glorifies violence against women should be banned,Music depicting violence against women discourages respect of women in men and women.,Music depicting violence for women discourages respect of women in men and women.
6.696817,-2.738644,1.8769206000000003,1.9075671000000003,0,1,1,1,"Churches should (defined as churches, temples, mosques, synagogues, etc.) remain tax-exempt","Small churches, already struggling to survive, would be further endangered by a new tax burden. ","Small churches, already struggling not to survive, would be further endangered by a new tax burden."
6.3041596,-2.2071172999999997,1.8247997999999999,1.8912968999999997,0,1,1,1,"Churches should (defined as churches, temples, mosques, synagogues, etc.) remain tax-exempt",Small churches who are struggling would be put at risk by the tax burden.,Small churches who are not struggling would be put at risk by the tax burden.
2.9516419999999997,1.1123086000000002,1.311194,1.8567235,0,1,0,0,"Churches should (defined as churches, temples, mosques, synagogues, etc.) remain tax-exempt","American taxpayers are supporting the extravagant lifestyles of wealthy pastors, whose lavish ""megachurches"" accumulate millions of tax-free dollars every year. ","American taxpayers are not supporting the extravagant lifestyles of wealthy pastors, whose lavish ""megachurches"" accumulate millions of tax-free dollars every year."
4.912086,-1.2574579,1.8161262999999999,1.9156107,0,1,1,1,The penny should stay in circulation,A penny can be used for decades and is more cost-efficient to produce than a nickel,A penny can not be used for decades and is more cost-efficient to produce than a nickel
6.1584744,-1.8226247,1.8594306,1.9184026,0,1,0,0,The penny should stay in circulation,The penny has practically no value and should be taken out of circulation just as other coins have been in US history,The penny doesn't have practically no value and should be taken out of circulation just as other coins have been in US history
1.7802223000000001,-1.3849088,0.8475259,1.579919,0,1,1,1,Workers in the Transport Sectors Should Be Banned From Going On Strike,Workers rights can still be protected,Workers rights can not still be protected
2.4438696,-0.8166392,0.82611454,0.95356125,0,1,0,0,Workers in the Transport Sectors Should Be Banned From Going On Strike,Strikes are unique means to attain leverage and their benefits weight more than their harms ,Strikes are not unique means to attain leverage and their benefits weight more than their harms
2.4193512999999998,-1.4710729999999999,0.79908854,1.2625316,0,1,0,0,Workers in the Transport Sectors Should Be Banned From Going On Strike,There are better ways to deal with strikes than putting people in Jail  ,There are not better ways to deal with strikes than putting people in Jail  
1.4904118999999998,0.4405719,0.875073,0.89153695,0,1,1,1,Workers in the Transport Sectors Should Be Banned From Going On Strike,Unions abuse the right to strike to extort from their employers.,Unions abuse the right not to strike to extort from their employers.
-4.4472833,3.1351836,0.005413294,0.0042120814000000005,1,0,1,1,The use of atomic bombs against Hiroshima and Nagasaki was justified,The cost of dropping the atomic bombs was much less than continuing to fight a costly war. ,The cost of dropping the atomic bombs was not much less than continuing to fight a costly war.
-2.1201618,1.3527712,0.2795781,0.0154572725,1,0,1,1,The use of atomic bombs against Hiroshima and Nagasaki was justified,Continuing the war was draining the countries resources making it necessary to end it by dropping the atomic bombs. ,Continuing the war was not draining the countries resources making it necessary to end it by dropping the atomic bombs.
-2.5876837000000004,1.3309354,0.12749243,0.0025131106,1,0,1,1,The use of atomic bombs against Hiroshima and Nagasaki was justified,the continuation of the war without the nuclear bomb would have been much costlier,the continuation of the war with the nuclear bomb would have been much costlier
-4.038157,3.0952167999999998,0.05487287,0.030885397999999998,1,0,0,0,The use of atomic bombs against Hiroshima and Nagasaki was justified,"Not only was the bombing illegal, it was morally wrong!"," only was the bombing illegal, it was morally wrong!"
6.5218706,-4.9416986,1.8757888999999999,1.9132967,0,1,0,0,Oil Companies Should Not Be Allowed To Drill Offshore,The negative impact on the environment by oil company offshore drilling should be addressed.,The positive impact on the environment by oil company offshore drilling should be addressed.
6.7612147,-2.555429,1.9027555,1.9659487,0,1,0,0,Open primaries are the most effective method of selecting candidates for elections,Lobbyists will increase their activity if open primaries exist.,Lobbyists will not increase their activity if open primaries exist.
-4.0816665,3.0063124,0.08163875,0.00811702,1,0,1,1,Open primaries are the most effective method of selecting candidates for elections,Open primaries make it so that voters aren't locked into single party stance voting.,Open primaries make it so that voters are locked into single party stance voting.
-4.4512243,3.0902580000000004,0.028496027,0.009631932,1,0,0,0,Take a visit the Yasukuni Shrine,"War criminals should not be honored, even after they're dead.","War criminals should be honored, even after they're dead."
-2.2584672,3.2966347000000003,0.45875645,0.33740973,1,0,1,1,Gambling must be banned,Casinos are often used to mask criminal activity,Casinos are not often used to mask criminal activity
6.545158,-7.711251299999999,1.6548095,1.6951303,0,1,0,0,Gambling must be banned,Trying to ban gambling is a waste of time.,Trying not to ban gambling is a waste of time.
-3.1766415,3.0569816000000003,0.042412995999999994,0.038939297000000005,1,0,1,1,Gambling must be banned,It is difficult for someone to stop gambling and it harms an individual psychologically.,It is not difficult for someone to stop gambling and it harms an individual psychologically.
-4.4409056,5.047984,0.06210953,0.0430367,1,0,1,1,Gambling must be banned,Online gambling has increased the incidence of gambling addiction,Online gambling doesn't have increased the incidence of gambling addiction
6.476362,-6.6524715,1.5952983,1.7506869999999999,0,1,0,0,Religious symbols in public buildings must be banned,"If you ban one thing, you have to ban lots of things.","If you ban one thing, you don't have to ban lots of things."
2.6266147999999996,-2.8949177,1.3191495,1.9424427,0,1,0,0,Religious symbols in public buildings must be banned,Banning religious symbols in public could lead to the banning of public political affiliation symbols.,Banning religious symbols in public could not lead to the banning of public political affiliation symbols.
8.074327,-7.926138000000001,1.7120076000000002,1.8477964,0,1,0,0,Religious symbols in public buildings must be banned,Banning religious symbols is just a way of unfairly targeting people.,Banning religious symbols is not just a way of unfairly targeting people.
3.5758953,-4.1707754,1.0109454,1.5976290000000002,0,1,1,1,Religious symbols in public buildings must be banned,"When you have religious symbols in schools, there will be problems.","When you don't have religious symbols in schools, there will be problems."
5.590564700000001,-1.9593483,1.8637042000000001,1.8815209,0,1,0,0,Inheritance tax should be raised to 100% for everyone born in the UK,What makes you think that money would be wisely spent?,What makes you think that money would not be wisely spent?
7.184765,-5.8375715999999995,1.8650415,1.8678113,0,1,0,0,An international ban should be placed on the export of nuclear reactor technology,"all countries are entitled to self defense with nuclear weapons, even when they do not have the capacity to carry conventional weapons","all countries are entitled to self defense with nuclear weapons, even when they do have the capacity to carry conventional weapons"
-2.7969484000000002,2.5257937999999998,0.11291957,0.10715383,1,0,1,1,An international ban should be placed on the export of nuclear reactor technology,"[Iran specific] Others, particularly Israel, would act if the United States did not","[Iran specific] Others, particularly Israel, would act if the United States did "
-4.104364,2.9958897,0.23884629999999998,0.2014243,1,0,1,1,Have no elections rather than sham elections,Not having any elections is honest., having any elections is honest.
-4.449879,4.0362849999999995,0.025541604,0.0071822405,1,0,1,1,Have no elections rather than sham elections,At least no elections would be more honest,At least no elections would not be more honest
4.3015504,-1.3253083,1.3065790000000002,1.6030296,0,1,0,0,Have no elections rather than sham elections,Sham elections do not mean the elections have no influence or impact. ,Sham elections do mean the elections have no influence or impact.
5.358933,-2.435722,1.7382927,1.815,0,1,0,0,Have no elections rather than sham elections,Just because an election is fake does not mean it will not have an impact.,Just because an election is fake does mean it will not have an impact.
5.116869400000001,-2.7105181000000003,1.6275289,1.6940074,0,1,0,0,Have no elections rather than sham elections,Fake elections are still a demonstration of the peoples desires.,Fake elections are not still a demonstration of the peoples desires.
-4.0079274,2.4682236,0.017176867,0.0008491277699999998,1,0,0,0,Polls are accurate predictors of election results,"Voting is an exercise of freedom, not predetermination.","Voting is an exercise of freedom, predetermination."
2.134912,-0.13350475,1.2312405,1.6001733999999999,0,1,1,1,France is right to intervene in Mali,Because the turmoil besieged the state other parties took it upon themselves to lend a helping hand.,Because the turmoil besieged the state other parties took it upon themselves not to lend a helping hand.
4.467146400000001,-0.43806540000000005,1.6576304,1.7795081000000001,0,1,1,1,Hillary Clinton would make a better president for America,Hillary Clinton would have stood up to the banking industry whereas Barack Obama has not.,Hillary Clinton would have stood up to the banking industry whereas Barack Obama has .
-3.115004,3.0995321,0.060699403,0.013148665,1,0,1,1,Online gambling has to be banned,You should not gamble because it is bad.,You should gamble because it is bad.
-0.73344356,0.7200156,0.15519834,0.019049764,1,0,0,0,Online gambling has to be banned,Government officials only oppose online gambling because it is not taxed.,Government officials only oppose online gambling because it is taxed.
1.9320031000000002,-0.7076331,1.1696203,1.6074369,0,1,1,1,Atheist countries are more benevolent,"Norway is 70%  atheist, but is still the world's best place to live.","Norway is not 70%  atheist, but is still the world's best place to live."
-0.05076287,0.9171046,0.35444713,0.28221667,1,0,1,1,Atheist countries are more benevolent,"Norway listed as the best place to live, but it is full of atheists. ","Norway listed as the best place not to live, but it is full of atheists."
1.8397918000000002,-0.87049395,1.3297222,1.6674898,0,1,1,1,A Ban on Shark Fin Soup Is Necessary to Protect the Shark from Extinction,Killing of sharks will be decreased if the demand for shark fins is reduced.,Killing of sharks will not be decreased if the demand for shark fins is reduced.
7.798317,-8.534706,1.8542968999999998,1.8682983,0,1,0,0,A Ban on Shark Fin Soup Is Necessary to Protect the Shark from Extinction,Banning Shark's fin soup will only put it on the black market,Banning Shark's fin soup will not only put it on the black market
5.17034,-1.8900765,1.7725205000000002,1.9525150000000002,0,1,0,0,Governments Should Put Wealth Redistribution Ahead Of Wealth Creation,Redistribution is a moral anathema.,Redistribution is not a moral anathema.
5.6266775,-4.5980906,1.8422589,1.8880703,0,1,1,1,"Use of goal line technology in football is overdue, and can only lead to benefits.",The benefits far outweigh the costs of not using the technology,The benefits far outweigh the costs of using the technology
-2.7118154,2.414701,0.41184837,0.006836772,1,0,1,1,The ICC should have its own enforcement arm,With ICC Enforcement we would have more violators brought to trial.,With ICC Enforcement we would not have more violators brought to trial.
2.677857,-0.5533916,1.4313331,1.64463,0,1,1,1,The ICC should have its own enforcement arm,The number of defendants and ICC Enforcement are related.,The number of defendants and ICC Enforcement are not related.
-1.3575051,2.1222472000000003,0.38634509999999994,0.03509587,1,0,1,1,The threat of Climate Change is exaggerated,Human-caused global warming is changing weather systems and making heat waves and droughts more intense and more frequent. ,Human-caused global warming is not changing weather systems and making heat waves and droughts more intense and more frequent.
8.474216,-8.495822,1.6968528999999999,1.7607901000000001,0,1,0,0,The threat of Climate Change is exaggerated,"Earth's climate has always warmed and cooled, and the 20th century rise in global temperature is within the bounds of natural temperature fluctuations over the past 3,000 years. ","Earth's climate doesn't have always warmed and cooled, and the 20th century rise in global temperature is within the bounds of natural temperature fluctuations over the past 3,000 years."
-0.75507194,1.8872662,0.4648996,0.38657016,1,0,1,1,The threat of Climate Change is exaggerated,Global warming caused by human-produced greenhouse gases is causing the Arctic ice cap to melt at an increasing rate. ,Global warming caused by human-produced greenhouse gases is not causing the Arctic ice cap to melt at an increasing rate.
1.5924994,-2.1260686,1.0145936,1.6931205000000003,0,1,0,0,The threat of Climate Change is exaggerated,Predictions of accelerating human-caused climate change are based upon computerized climate models that are inadequate and incorrect. ,Predictions of accelerating human-caused climate change are not based upon computerized climate models that are inadequate and incorrect.
-0.4133107,-1.0073811,0.8340816999999999,0.9595332000000001,0,1,0,0,The threat of Climate Change is exaggerated,Computerized climate models could be misleading when it comes to the predictions of  accelerating human-caused climate change.,Computerized climate models could not be misleading when it comes to the predictions of  accelerating human-caused climate change.
-2.4897335,3.746789,0.20605469,0.17586482,1,0,1,1,The threat of Climate Change is exaggerated,The specific type of CO2 that is increasing in earth's atmosphere can be directly connected to human activity. ,The specific type of CO2 that is not increasing in earth's atmosphere can be directly connected to human activity.
6.912575,-6.1604985999999995,1.7207736,1.7781396,0,1,0,0,The threat of Climate Change is exaggerated,"Sea levels have been steadily rising for thousands of years, and the increase has nothing to do with humans. ","Sea levels don't have been steadily rising for thousands of years, and the increase has nothing to do with humans."
-0.76805216,1.3193503999999998,0.49125463,0.38202137,1,0,1,1,The threat of Climate Change is exaggerated,Overwhelming scientific consensus says human activity is primarily responsible for global climate change.,Overwhelming scientific consensus says human activity is not primarily responsible for global climate change.
-0.01971236,0.94827145,0.6472754,0.30362183,1,0,1,1,The threat of Climate Change is exaggerated,"Dramatic changes in precipitation, such as heavier storms and less snow, are another sign that humans are causing global climate change. ","Dramatic changes in precipitation, such as heavier storms and more snow, are another sign that humans are causing global climate change."
6.163621,-4.614073,1.6881738000000002,1.7813897,0,1,0,0,The northern Ireland would be better off if united with the Republic of Ireland,Civil war will result between Irish factions if unity occurs. ,Civil war will not result between Irish factions if unity occurs.
4.535784,-1.0248959,1.6604903000000002,1.7919147000000002,0,1,0,0,"We must be a libertarian; right or left, right or wrong","Libertarianism is a movement led by people who have no ideas on how to fix things, but criticize those that do.","Libertarianism is not a movement led by people who have no ideas on how to fix things, but criticize those that do."
-3.9357555,3.3234806000000003,0.07600355,0.07336485400000001,1,0,1,1,Israel should return to its pre-1967 borders,Establishing the borders as they were  prior to 1967 would cease violence in Israel.,Establishing the borders as they were not  prior to 1967 would cease violence in Israel.
5.0483685,-1.5845615,1.3947027,1.9478418999999998,0,1,0,0,There is life on other planets,Can't be proven,Can't be can be proven
-3.8013383999999997,2.6189259999999996,0.06496805,0.0038060546000000003,1,0,1,1,There is life on other planets,are we lonely in this huge universe?, are not we lonely in this huge universe?
2.4493694,0.80986726,1.1897886,1.7007773000000002,0,1,0,0,There is life on other planets,Why have other life forces not made themselves known?,Why have other life forces made themselves known?
-0.8410926999999999,1.0183806,0.29852182,0.28097022,1,0,1,1,It does matter where you go to university or college,Some universities are more prestigious than others.,Some universities are not more prestigious than others.
3.584338,-1.2428373,1.4283137,1.6880993999999998,0,1,0,0,Danish newspapers should not have published cartoons depicting the Prophet Mohammed,"In a democratic society, even religious norms can be questioned.","In a democratic society, even religious norms can not be questioned."
-3.1355944,3.2033186000000002,0.063856125,0.007654071,1,0,0,0,The Illegality Of Recreational Drugs Does More Harm Than Good,"The government must not endorse the use of drugs, which are dangerous.","The government must endorse the use of drugs, which are dangerous."
-1.3192506000000002,1.4706620000000001,0.40202832,0.37639737,1,0,0,0,We should drop the sanctions against Cuba.,Cuba deserves sanctions,Cuba deserve no sanctions
2.504836,-2.7699807,1.3211258999999997,1.7344341,0,1,1,1,We should drop the sanctions against Cuba.,"The people of Cuba are the victims of the embargo, opposed the intended target of the government.","The people of Cuba are not the victims of the embargo, opposed the intended target of the government."
1.1135256000000002,0.13366967,1.0554017,1.721862,0,1,1,1,We should drop the sanctions against Cuba.,Cuban citizens are paying the price for their government's actions.,Cuban citizens are not paying the price for their government's actions.
4.756039,-3.8434574999999995,1.4986101,1.5472424,0,1,1,1,We should drop the sanctions against Cuba.,If sanctions were lifted trade benefits would flow to all parties to trade.,If sanctions were not lifted trade benefits would flow to all parties to trade.
3.2196894,-2.8366275,1.3700874,1.6173072,0,1,1,1,We should drop the sanctions against Cuba.,The Cuban government is unaffected by the sanctions.,The Cuban government is not unaffected by the sanctions.
1.4909042,0.38413376,1.0794603999999999,1.4687068,0,1,1,1,We should drop the sanctions against Cuba.,The United States should end the Cuba embargo because its 50-year policy has failed to achieve its goals. ,The United States should not end the Cuba embargo because its 50-year policy has failed to achieve its goals.
3.2756217,-1.7740666,1.3126266000000002,1.3756776000000002,0,1,1,1,We should drop the sanctions against Cuba.,After 50 years the Cuba embargo has shown no results so the US should end it.,After 50 years the Cuba embargo doesn't have shown no results so the US should end it.
5.484058999999999,-5.0061774,1.6550064999999998,1.8522714,0,1,1,1,We should drop the sanctions against Cuba.,"The embargo prevents the people of Cuba from joining the digital age by cutting them off from technology, and restricts the electronic flow of information to the island. ","The embargo prevents the people of Cuba from joining the digital age by cutting them off from technology, and restricts the electronic flow of information not to the island."
-1.8905207999999998,2.0983862999999996,0.33801925,0.27240998,1,0,0,0,We should drop the sanctions against Cuba.,Ending the embargo before the Cuban government meets the conditions specified by US law would make the United States look weak. ,Ending the embargo before the Cuban government meets the conditions specified by US law would not make the United States look weak.
-1.8422738,2.380785,0.30081934,0.17151229999999998,1,0,0,0,We should drop the sanctions against Cuba.,Cuba is knows to sponsor terrorism so sanctions are appropriate.,Cuba is not knows to sponsor terrorism so sanctions are appropriate.
2.9539902000000002,-3.5950830000000003,1.4117274,1.8063421999999998,0,1,1,1,We should drop the sanctions against Cuba.,Lifting the embargo would put pressure on Cuba to address problems that it had previously blamed on US sanctions. ,Lifting the embargo would not put pressure on Cuba to address problems that it had previously blamed on US sanctions.
2.6769326,-1.4513688999999999,1.2600930000000001,1.601807,0,1,1,1,We should drop the sanctions against Cuba.,Free trade in lieu of embargo can promote Cuban democracy.,Free trade in lieu of embargo can not promote Cuban democracy.
3.7086476999999998,-3.3351657,1.4723883,1.8971113999999998,0,1,1,1,We should drop the sanctions against Cuba.,"Instead of embargo, free trade will promote democracy in Cuba.","Instead of embargo, free trade will not promote democracy in Cuba."
-2.319253,2.7032222999999997,0.2847131,0.19407648,1,0,0,0,We should drop the sanctions against Cuba.,The uncertainty over who will succeed Raúl Castro makes it unwise for the United States to change its policy before a new leader is in place. ,The uncertainty over who will not succeed Raúl Castro makes it unwise for the United States to change its policy before a new leader is in place.
-0.94829994,1.3935608,0.39015067,0.030353308,1,0,0,0,We should drop the sanctions against Cuba.,"Until the US knows who will replace Raul Castro, it does not make sense to put new policies in place.","Until the US knows who will replace Raul Castro, it does make sense to put new policies in place."
-0.7036345,2.4728383999999997,0.32074326,0.25969076,1,0,0,0,We should drop the sanctions against Cuba.,Cuba seems unwilling to negotiate with the US.,Cuba seems unwilling not to negotiate with the US.
0.034179304,1.7310895,0.42242634,0.37726509999999996,1,0,0,0,We should drop the sanctions against Cuba.,Cuba seems reluctant to genuinely engage with the US.,Cuba seems reluctant not to genuinely engage with the US.
6.0688787,-2.0617788,1.8633091,1.8988612,0,1,0,0,We should support enforcing term limits on the executive branch of government,"There are many instances when having a powerful, unlimited executive branch of government is best.","There are not many instances when having a powerful, unlimited executive branch of government is best."
5.313062,-0.88843375,1.7282925,1.7900953999999998,0,1,1,1,We should support enforcing term limits on the executive branch of government,"the longer someone is  in power, the more likely he will use it for personal advantage","the longer someone is not  in power, the more likely he will use it for personal advantage"
5.4889884,-1.0409351999999998,1.752389,1.7748264,0,1,1,1,We should support enforcing term limits on the executive branch of government,"as times went one, the more someone is in control of his power, the more likely he will succumb to use such power for personal advantage","as times went one, the less someone is in control of his power, the more likely he will succumb to use such power for personal advantage"
6.0551734,-2.2064972000000003,1.9111881000000002,1.9178667,0,1,0,0,We should support enforcing term limits on the executive branch of government,"Term limits are undemocratic and suggest, falsely, that voters cannot make intelligent decisions about their leaders on their own.","Term limits are undemocratic and suggest, falsely, that voters can make intelligent decisions about their leaders on their own."
6.205957,-2.2378732999999995,1.9122628000000002,1.9157348,0,1,0,0,We should support enforcing term limits on the executive branch of government,"Term limits are undemocratic and suggest, falsely, that voters cannot make intelligent decisions about their representatives without guidance:","Term limits are undemocratic and suggest, falsely, that voters can make intelligent decisions about their representatives without guidance:"
-3.3613480000000004,2.4111542999999998,0.03525251,0.022885025,1,0,1,1,We should support enforcing term limits on the executive branch of government,Term limits create more competitive elections for public office that empower new leaders and ideas:,Term limits create less competitive elections for public office that empower new leaders and ideas:
4.15919,-0.7283951,1.5993915,1.7185445,0,1,1,1,We should support enforcing term limits on the executive branch of government,there should be a tenancy for the executive branch of government as to keep in check the power of its leaders,there should not be a tenancy for the executive branch of government as to keep in check the power of its leaders
3.0251455000000003,0.69114304,1.3812423999999999,1.8339834,0,1,0,0,We should support enforcing term limits on the executive branch of government,The incentive for corruption and self-enrichment in office is increased by term limits:,The incentive for corruption and self-enrichment in office is not increased by term limits:
3.8692884,0.5775714,1.4215571000000002,1.6109022,0,1,1,1,Bribery is sometimes acceptable,Bribery is occasionally a necessary price of engaging in business.,Bribery is not occasionally a necessary price of engaging in business.
5.6162295,-2.210143,1.8087368000000001,1.9340191000000002,0,1,0,0,Bribery is sometimes acceptable,"Bribery can never be justified, as it is immoral.","Bribery can not never be justified, as it is immoral."
4.045844600000001,0.37389040000000007,1.5082633,1.7590892,0,1,0,0,The human genome should be patented,Cruelty to animals 90% death rate cloning project,Cruelty not to animals 90% death rate cloning project
5.642228599999999,-0.83000934,1.7247956999999998,1.8178296000000003,0,1,0,0,The human genome should be patented,Cloning projects with 90% death rate is cruelty to animals.,Cloning projects with 90% death rate is not cruelty to animals.
-3.3140306000000006,2.9931498,0.028812587,0.013874173,1,0,1,1,Abolish the US Electoral College,The electoral college goes against the democratic system because it hinders party building and has a negative impact on voting.,The electoral college goes for the democratic system because it hinders party building and has a negative impact on voting.
2.8511639,-3.819527,1.1676445,1.6169063999999997,0,1,1,1,Abolish the US Electoral College,The reasons for which the Founding Fathers created the Electoral College are no longer relevant.,The reasons for which the Founding Fathers created the Electoral College are not no longer relevant.
-3.4269998,3.7464824,0.030521392999999997,0.028396964,1,0,1,1,Stop the Olympic Games,It  sanctions and encourages 'Islamophobic' panics and promotes the excessive 'securitisation' of the globe,It  sanctions and discourage 'Islamophobic' panics and promotes the excessive 'securitisation' of the globe
5.94453,-6.0183525,1.4178444,1.5791941,0,1,1,1,Stop the Olympic Games,This would result in Islamophobic panics and knee jerk reactions across the world.,This would not result in Islamophobic panics and knee jerk reactions across the world.
1.9104291000000002,-0.8094501000000001,0.8272888,1.1104584,0,1,1,1,The Dalai Lama’s ‘third way’ in Tibet,The 'Middle Way' has international support,The 'Middle Way' doesn't have international support
-3.3874876000000005,1.9662764,0.094641745,0.008261263000000001,1,0,1,1,The United Nations Security Council should be expanded,The current Security Council doesn't reflect the economic reality of the 21st century.,The current Security Council does reflect the economic reality of the 21st century.
5.7788033,-1.645904,1.8054912,1.9278534999999999,0,1,0,0,The United Nations Security Council should be expanded,The many various interests and the demands makes a UNSC reform really tough to achieve.,The many various interests and the demands makes a UNSC reform really tough not to achieve.
6.4486513,-2.3411037999999995,1.9270121999999998,1.9552665,0,1,0,0,The EU does have a future,"The ability of the EU to create a common foreign policy is a failure, as shown from multiple tests.","The ability of the EU not to create a common foreign policy is a failure, as shown from multiple tests."
2.625686,-0.30402792,1.4705427,1.88533,0,1,0,0,All illegal immigrants must be repatriated,Alternatives are better,Alternatives are not better
-0.96149063,1.5380666,0.35838884,0.026235700000000004,1,0,1,1,We should not slaughter animals which have not been stunned first.,Slaughter without stunning is painful for the animal,Slaughter with stunning is painful for the animal
-1.9193930000000001,1.7470077000000002,0.09392685,0.048969625999999995,1,0,1,1,We should not slaughter animals which have not been stunned first.,slaughtering without proper procedure results in pain,slaughtering with proper procedure results in pain
-1.8275647000000002,2.0477456999999997,0.08277815599999999,0.030672013999999997,1,0,0,0,We should not slaughter animals which have not been stunned first.,The slaughter of animals before stunning them is not a significant issue.,The slaughter of animals before stunning them is a significant issue.
-4.4027753,4.329850700000001,0.008113681999999999,0.0069603324,1,0,1,1,Abolish congressional earmarks,Earmarks transfer too much power to political parties' central leadership,Earmarks transfer too little power to political parties' central leadership
-4.229798000000001,4.237733,0.016680538999999998,0.012861967,1,0,1,1,Abolish congressional earmarks,Earmarks give the central leaders of political parties too much leverage. ,Earmarks give the central leaders of political parties too little leverage.
2.9030793,-2.7317642999999996,1.0860211000000002,1.963623,0,1,1,1,Abolish congressional earmarks,"Earmarks do not accord with democratic principles of equity, fairness and justice","Earmarks do accord with democratic principles of equity, fairness and justice"
-1.0895469,2.1869702,0.42178077,0.012488246000000001,1,0,1,1,Abolish congressional earmarks,Should congressional earmarks be abolished?, should not congressional earmarks be abolished?
-1.8317552,2.0200567,0.30711716,0.09702611,1,0,0,0,Abolish congressional earmarks,Congress is one of the checks of the check and balance system that reins in the executive branch.,Congress is not one of the checks of the check and balance system that reins in the executive branch.
2.3490002,-0.45383802,1.4070479,1.7547738999999998,0,1,0,0,Abolish congressional earmarks,Congress would be destabilised without earmarks.,Congress would not be destabilised without earmarks.
1.3596556,-1.4918767,0.86565053,1.2747008999999998,0,1,1,1,We should pull out of the Article 98 Agreements that prevent US soldiers from being sent to the ICC for trial,Article 98 Agreements are unlikely to be needed,Article 98 Agreements are not unlikely to be needed
2.2238905,-1.6954414,0.9894728000000002,1.1645215,0,1,0,0,We should pull out of the Article 98 Agreements that prevent US soldiers from being sent to the ICC for trial,Article 98 Agreements are a crucial tool in maintaining American national sovereignty,Article 98 Agreements are not a crucial tool in maintaining American national sovereignty
1.8347107,-0.94042957,0.8873928,1.0005137,0,1,0,0,We should pull out of the Article 98 Agreements that prevent US soldiers from being sent to the ICC for trial,National sovereignty is dependent on Article 98.,National sovereignty is not dependent on Article 98.
6.852670699999999,-2.2486055,1.9024656999999998,1.9475991999999998,0,1,0,0,Dictatorship is the best path to development,"Democracy acts in the interest of the general population, which is good for development","Democracy acts in the interest of the general population, which is not good for development"
4.868224,-1.310865,1.8130819,1.9743272,0,1,0,0,Dictatorship is the best path to development,Democratic rule of law is the best ground for political stability and growth,Democratic rule of law is not the best ground for political stability and growth
4.7305527000000005,-0.84416527,1.6284788000000001,1.7994081999999998,0,1,0,0,Dictatorship is the best path to development,Democracies do better at meeting economic needs.,Democracies do worse at meeting economic needs.
4.3549430000000005,-1.3808790000000002,1.6759863000000002,1.864845,0,1,1,1,The US is Justified in Using Force to Prevent States From Acquiring Nuclear Weapons,The United States has an obligation to protect international stability due to its unique military strength.,The United States doesn't have an obligation to protect international stability due to its unique military strength.
4.4093676,-1.2008591,1.6515146,1.8745368999999998,0,1,1,1,The US is Justified in Using Force to Prevent States From Acquiring Nuclear Weapons,The US must protect the international community.,The US must not protect the international community.
6.1252913,-2.0373049,1.8043200000000001,1.8116363999999998,0,1,1,1,The US is Justified in Using Force to Prevent States From Acquiring Nuclear Weapons,"If the US does not act on Iran, Israel will","If the US does act on Iran, Israel will"
4.999246,-2.1656404,1.7863412,1.9337525000000002,0,1,1,1,The US is Justified in Using Force to Prevent States From Acquiring Nuclear Weapons,The threat of a state developing nuclear weapons could instigate pre-emptive strikes from its neighbours and rivals to prevent the acquisition of such weapons,The threat of a state developing nuclear weapons could not instigate pre-emptive strikes from its neighbours and rivals to prevent the acquisition of such weapons
5.207029299999999,-1.7643474,1.7727201000000001,1.9601728999999999,0,1,1,1,The US is Justified in Using Force to Prevent States From Acquiring Nuclear Weapons,Other countries could strike against those developing nuclear weapons to protect themselves.,Other countries could not strike against those developing nuclear weapons to protect themselves.
4.89889,-1.9552418000000003,1.7712758999999998,1.9359157999999999,0,1,1,1,The US is Justified in Using Force to Prevent States From Acquiring Nuclear Weapons,"To keep other countries from obtaining a nuclear arsenal, other nations may pre-emptively strike."," Not to keep other countries from obtaining a nuclear arsenal, other nations may pre-emptively strike."
5.354211299999999,-1.3086403999999998,1.7309849,1.9009877,0,1,1,1,The US is Justified in Using Force to Prevent States From Acquiring Nuclear Weapons,The intention of a state to develop nuclear weapons may incite military attacks by enemies and by other supporting countries.,The intention of a state not to develop nuclear weapons may incite military attacks by enemies and by other supporting countries.
5.0276255999999995,-1.2603503,1.7130075,1.9329736000000002,0,1,1,1,The US is Justified in Using Force to Prevent States From Acquiring Nuclear Weapons,Possessing nuclear weapons will be counter to the peaceful interests of states,Possessing nuclear weapons will not be counter to the peaceful interests of states
5.5111300000000005,-1.3361866000000002,1.7477859,1.8360894,0,1,1,1,The US is Justified in Using Force to Prevent States From Acquiring Nuclear Weapons,Nuclear waste disposal is rarely safe/efficient; it is too much to expect a sqeaky clean disposal/disarmament of nuclear weapons  ,Nuclear waste disposal is not rarely safe/efficient; it is too much to expect a sqeaky clean disposal/disarmament of nuclear weapons  
-3.1455474,1.2906693999999999,0.14288306,0.11953401599999999,1,0,0,0,The US is Justified in Using Force to Prevent States From Acquiring Nuclear Weapons,"Disarmament is impossible, rendering efforts to disarm pointless and simply wasteful","Disarmament is not impossible, rendering efforts to disarm pointless and simply wasteful"
4.8802757,-2.1740847000000003,1.7603891,1.9010599999999998,0,1,1,1,The US is Justified in Using Force to Prevent States From Acquiring Nuclear Weapons,It's conceivable that the wrong people will have the weapons.,It's conceivable that the wrong people will not have the weapons.
6.0339813,-1.7055953999999998,1.8401343999999997,1.9464171000000001,0,1,0,0,"Democracy has to be imposed, if needed",Attempting to impose democracy may escalate conflict.,Attempting not to impose democracy may escalate conflict.
-2.4123075000000003,2.2238054,0.54943734,0.009251893,1,0,1,1,Mandatory sentencing is fine.,Minimum sentences increase the effectiveness of incapacitation. ,Minimum sentences decrease the effectiveness of incapacitation.
-3.6219974,2.3194463,0.034945548,0.0046069026,1,0,1,1,Mandatory sentencing is fine.,Everyone is treated the same when there is mandatory sentencing., noone is treated the same when there is mandatory sentencing.
-4.415244,3.4016870999999997,0.081196725,0.0049820542,1,0,0,0,Mandatory sentencing is fine.,Minimum mandatory sentences reduce the chance of rehabilitation. ,Minimum mandatory sentences increase the chance of rehabilitation.
1.7806195,0.5181806,0.96206224,1.4077897,0,1,0,0,Democracies should ban the display of communist and Nazi symbols,Society is ready to live with Nazi and Soviet symbols,Society is not ready to live with Nazi and Soviet symbols
-3.8255885000000003,5.084303,0.0372293,0.00400126,1,0,0,0,Democracies should ban the display of communist and Nazi symbols,Extremist movements are harmful and should not be encouraged.,Extremist movements are harmful and should be encouraged.
4.0061116000000005,-1.8702666000000001,1.6502001,1.7665521,0,1,1,1,The outcome of the Paris Climate Conference needs to be an international treaty with binding emission cuts,An international treaty will legalize non-compliance penalties,An international treaty will not legalize non-compliance penalties
1.2766559,-1.1076059,1.2184788,1.4687608,0,1,1,1,The House of Lords should be reformed,The House of Lords is out of touch with the electorate.,The House of Lords is not out of touch with the electorate.
1.4383285,0.8483510000000001,1.1151652,1.6298903999999999,0,1,0,0,NATO has succeeded in Afghanistan,the taliban will likely resume their control once nato forces leave,the taliban will not likely resume their control once nato forces leave
-3.7764127,2.9090488,0.07531226,0.017392397,1,0,0,0,NATO has succeeded in Afghanistan,the taliban is waiting and likley to regain control of the region once nato forces leave,the taliban is not waiting and likley to regain control of the region once nato forces leave
0.627612,-0.55765176,0.6949434,1.4550346,0,1,0,0,Illegal downloaders should be cut off from the internet,"File-sharing will still happen, despite these plans","File-sharing will not still happen, despite these plans"
2.7625357999999998,-1.8567737000000002,0.7353281999999999,0.78603494,0,1,0,0,Illegal downloaders should be cut off from the internet,Will file-sharing stop if downloaders are banned from internet use, will not file-sharing stop if downloaders are banned from internet use
0.033895615,-0.44951645,0.7556357,1.1420894,0,1,1,1,Illegal downloaders should be cut off from the internet,Internet access is an enabler of rights not a right in itself.,Internet access is an enabler of rights a right in itself.
3.3175703999999997,-3.7550742999999995,1.2814565,1.3729681999999999,0,1,0,0,Illegal downloaders should be cut off from the internet,Human rights are infringed if internet use is removed,Human rights are not infringed if internet use is removed
